3,879,441,3,3,27,3,441,291,125,70,3,3,22,3,3,3,3,27,3,585,3,3,890,3,27,1,441,3,3,27,22,64,27,291,3,3,3,1,27,27,27,3,3,3,3,3,890,3,3,3,3,228,879,53,3,3,3,3,3,1184,3,218,27,27,921,3,291,291,2,3,890,27,26,3,3,291,3,3,441,3,27,890,3,3,3,27,27,3,27,3,43,27,3,3,441,3,3,3,890,8,3,3,3,3,3,3,196,3,441,3,302,125,407,27,3,3,3,3,3,441,3,3,3,41,441,3,3,3,3,163,3,10,3,3,1184,3,10,441,3,218,3,3,441,1,389,3,3,3,1,218,3,3,3,3,3,3,3,3,3,18,3,303,1,3,3,27,3,3,3,15,62,3,3,441,86,441,3,3,3,27,550,3,27,27,3,758,3,3,3,696,585,27,27,890,3,441,40,3,3,66,263,3,3,407,3,27,3,186,3,3,3,27,291,218,27,27,27,1184,3,10,3,3,3,27,3,3,441,3,3,3,3,3,1184,27,27,3,3,3,3,3,3,3,218,3,3,3,415,355,441,2,441,3,27,3,3,3,3,3,27,10,3,3,3,890,38,3,3,2,389,27,3,3,27,22,3,724,3,3,3,3,3,3,3,3,2212,27,3,585,27,35,3,27,3,3,921,218,407,441,447,3,3,441,27,27,3,441,27,3,3,441,3,27,3,27,3,27,3,3,3,3,921,407,3,3,3,921,27,3,7,3,3,3,3,27,27,27,3,322,3,3,3,218,3,1,2,3,3,3,441,3,3,3,3,14,921,28,141,2,3,525,921,3,3,27,445,27,3,3,3,105,1,327,3,3,27,27,19,3,27,3,3,3,205,3,3,3,27,921,27,3,3,3,27,3,3,441,3,3,3,712,3,1,3,27,12,3,1,3,3,3,3,1,218,3,890,96,3,27,3,3,3,3,3,890,27,3,3,890,3,441,890,3,3,3,10,3,1184,9,3,27,921,27,263,3,3,3,3,618,525,3,62,3,80,27,3,27,3,3,3,27,3,3,1184,1,27,525,3,263,3,3,2,27,3,3,13,3,38,890,3,3,3,2,3,3,1,441,585,1184,3,12,26,27,3,3,27,263,3,27,3,2,233,3,585,3,27,27,3,3,27,10,14,311,3,27,3,10,3,3,3,3,1,3,3,651,3,3,3,27,26,27,3,3,3,890,3,114,3,441,3,3,3,3,587,27,3,3,3,27,3,3,438,3,27,27,27,3,3,3,3,441,3,3,3,2,1,43,3,27,441,5,218,27,3,3,27,27,365,3,3,80,3,3,623,3,441,27,3,3,3,98,3,27,250,27,3,3,3,3,3,3,270,3,3,3,20,743,3,1184,407,281,3,3,3,3,3,3,27,247,441,3,3,441,407,263,3,3,1,3,890,3,890,3,3,3,3,27,441,407,3,263,2,890,441,921,3,441,291,3,407,213,3,3,3,221,3,3,3,3,3,3,41,3,3,3,3,3,3,890,105,3,3,3,3,196,4,3,3,3,3,218,3,247,218,3,3,407,3,3,3,10,751,441,3,3,3,3,3,3,291,3,79,72,3,70,218,3,14,3,27,3,480,3,218,112,263,263,441,27,3,445,41,441,27,890,3,3,441,2,3,525,3,397,3,3,3,3,65,3,3,1184,3,3,3,1,5,465,222,921,3,441,112,890,3,3,3,890,3,3,27,2,3,3,3,3,43,3,921,3,27,27,21,441,3,890,27,3,3,3,3,3,441,3,3,30,3,3,3,3,3,240,441,3,10,441,3,3,3,437,3,3,829,3,27,27,218,10,441,3,890,3,1184,269,263,41,263,3,3,890,441,3,3,3,757,10,876,3,3,3,3,3,3,3,441,407,890,3,3,921,27,3,1,3,3,6,27,19,441,1184,3,441,3,3,3,407,27,96,921,14,3,306,218,1184,3,407,3,3,3,3,3,604,3,3,1,218,3,2,3,27,585,3,218,441,3,104,441,3,27,3,3,3,441,3,3,404,3,27,81,505,218,3,3,185,3,3,441,3,3,3,548,3,1184,3,3,53,3,3,27,3,921,27,3,3,441,3,3,381,3,12,407,3,441,3,3,407,41,188,3,79,3,948,3,3,4,3,3,3,3,25,6,3,70,27,3,31,3,3,6,3,3,3,218,441,3,8,218,27,3,587,3,3,3,3,3,3,3,3,25,27,525,3,3,441,14,921,525,27,3,3,3,3,3,3,52,3,3,22,3,3,59
27,3,27,141,3,1587,3,104,3,135,441,2734,27,27,7,3,3,1184,27,890,27,3,1184,921,233,1076,27,111,3,3,14,3,890,27,3,3,921,3,3,3,112,16,3,43,3,3,3,3,199,76,27,1184,3,890,1184,42,921,921,448,43,1184,8,23,186,164,3,441,921,70,441,441,27,3,3,803,1184,3,27,1184,27,441,3,14,27,199,1184,129,3,3,3,3,27,3,218,3,3,27,1184,27,921,3,291,3,27,890,3,3,27,751,3,27,188,263,3,27,3,1184,3,6,15,277,3,3,27,3,3,3,11,27,449,3,1184,3,198,441,3,306,3,27,525,441,3,3,3,3,31,441,441,3,157,3,525,2067,3,921,3,441,3,3,3,1184,1,1184,441,3,349,27,890,27,3,3,3,27,1184,3,27,27,3,27,10,3,27,23,3,400,3,441,3,216,84,441,1184,27,27,3,3,194,218,874,921,27,27,1184,27,263,3,123,27,27,890,3,3,441,27,345,441,27,2714,3,3,27,1731,3,27,27,27,175,51,3,3,3,79,3,3,3,27,3,3,22,27,3,27,758,27,3,2,10,3,890,3,3,17,3,441,1184,3,51,1184,3,3,3,3,407,593,890,20,3,27,3,890,29,3,3,441,3,3,1184,3,27,3,3,3,3,5,27,218,27,103,38,191,3,27,3,3,3,407,24,27,3,2212,3,2,3,890,291,2055,3,890,3,3,3,3,70,3,27,35,890,27,3,27,3,3,10,3,70,40,218,3,3,3,3,2,3,407,27,3,183,349,890,921,1076,111,890,27,1184,218,27,3,2714,888,3,27,921,3,3,27,3,3,27,3,1184,27,3,3,3,3,525,104,3,3,34,27,1718,3,3,95,30,3,27,441,66,1184,3,27,27,2,3,84,43,890,3,3,27,3,27,758,118,441,27,27,1278,97,794,3,441,2212,38,79,27,3,27,27,441,3,27,3,3,3,27,381,3,205,3,742,423,3,2714,3,27,27,263,921,3,3,96,206,3,3,27,3,14,3,3,3,3,27,27,10,758,3,1184,890,441,29,27,22,3,3,3,3,3,3,141,22,1,921,3,27,4,3,2212,441,13,3,921,441,27,3,441,27,3,27,1184,890,3,1078,6,1,3,3,27,3,3,3,1071,20,1184,3,3,3,70,3,224,441,27,27,3,27,3,3,27,27,890,27,3,3,27,362,3,3,1152,27,3,3,1184,3,27,3,963,3,27,1184,3,3,27,104,14,3,3,2212,3,3,3,1184,3,3,3,3,3,73,3,91,2055,3,3,27,1184,56,3,47,525,3,921,3,407,742,3,3,3,3,27,3,3,3,186,128,27,3,3,3,27,921,3,1184,23,27,3,27,3,3,27,3,3,3,3,96,26,3,3,10,1071,3,441,10,2,2212,145,3,27,3,888,3,3,1184,441,3,218,27,3,441,890,3,441,27,10,27,3,27,14,27,3,3,27,93,27,27,3,27,3,70,921,441,27,3,27,3,3,921,3,441,4,407,890,407,27,2212,3,441,441,1139,188,27,3,27,27,1549,27,27,3,3,27,3,3,3,96,27,441,22,3,22,3,921,27,3,3,14,1184,3,3,57,27,18,10,94,921,126,921,1184,10,890,3,441,27,27,3,3,3,27,27,96,6,174,1184,3,3,3,4,3,921,3,1278,890,585,70,1184,70,59,27,27,27,3,3,27,218,3,27,3,66,3,921,890,585,70,1184,27,503,3,1582,27,3,218,7,1184,27,3,38,27,890,27,3,5,299,1076,3,890,3,174,27,257,3,2,218,27,1184,26,3,27,25,803,921,3,3,27,41,3,3,890,26,3,3,890,25,96,27,3,3,890,17,2714,3,357,3,2212,3,27,114,1184,3,27,3,3,1184,27,2212,102,27,1184,3,3,1184,3,2714,441,411,199,27,27,79,3,3,441,890,3,3,35,1665,168,1184,43,890,156,1076,3,921,3,8,3,3,3,11,27,1184,3,116,1184,27,34,3,3,1184,61,85,104,3,3,218,284,11,3,27,2055,1184,441,921,142,27,3,24,3,11,27,3,2212,1101,3,3,8,3,1,67,10,3,890,3,890,141,3,758,27,3,3,27,890,3,27,70,3,27,3,27,1184,3,3,441,890,3,3,1184,3,27,125,3,890,6,100,3,3,1184,3,1184,27,441,27,3,3,890,3,1,441,3,475,27,921,27,3,27,27,61,27,14,3,27,3,164,890,441,3,3,3,587,3,27,3,3,10,407,14,1184,27,3,27,51,3,3,3,2734,27,1184,172,208,27,3,3,27,2212,3,3,3,3,27,27,921,1184,3,3,51,27,3,3,2
1184,218,218,156,27,27,236,218,173,890,3,27,2714,3,1480,921,2212,3,3,134,38,27,27,165,27,15,41,117,3,27,3,27,3,27,27,111,22,1549,3,40,921,302,3,3,1,218,3,70,1184,27,32,156,27,46,1184,27,27,10,27,2,10,890,218,220,85,27,3,441,3,1184,145,27,3,285,27,110,10,10,27,3,37,3,70,38,95,441,1184,525,1184,3,921,27,3,890,3,3,3,27,27,3,1184,27,27,36,1184,921,450,27,127,3,3,27,1184,3,3,585,240,27,27,349,27,218,3,27,199,27,91,3,38,3,3,27,27,27,3,362,718,146,218,585,97,3,27,1184,27,174,921,104,890,27,3,3,3,3,27,3,27,2212,27,93,890,921,302,958,70,27,70,151,3,3,27,27,1184,27,394,27,218,3,3,3,3,3,3,27,304,106,27,108,27,3,3,3,14,3,921,27,3,3,27,3,1184,3,30,3,3,186,128,3,3,3,3,27,359,3,27,70,3,279,56,3,3,25,2714,27,92,27,3,27,38,365,3,3,27,27,27,40,2212,525,3,655,39,98,163,3,921,2996,441,27,3,2391,3,3,155,3,525,3,3,1184,587,27,585,3,15,869,3,27,27,27,27,27,3,3,27,74,3,3,36,269,195,3,3,27,3,5,27,157,3,53,921,1184,37,921,921,218,98,543,390,3,27,45,263,3,3,2535,27,921,3,3,27,5,27,27,646,3,3,921,1184,3,3,2456,441,3,1425,27,2714,3,27,27,3,95,98,27,890,27,79,1184,108,40,1184,27,219,27,27,54,9,70,3,587,3,3,38,3,27,27,16,221,218,3,70,3,3,3,27,27,3,70,27,2734,3,31,3,3,2714,3,2212,102,3,3,3,3,27,27,27,79,1623,27,3,3,79,38,3,3,3,1184,27,1184,3,1184,3,921,27,3,1184,3,3,27,921,183,27,3,263,3,890,3,1184,803,2212,76,441,3,1184,27,3,27,3,3,3,27,3,125,3,441,3,3,921,70,890,284,267,27,99,587,27,27,27,3,407,27,32,9,263,70,27,302,3,40,21,43,441,3,921,82,2055,70,27,3,112,3,98,27,179,1184,3,218,27,23,525,14,1184,21,3,27,3,1225,3,70,79,1873,1431,10,2479,4155,27,3,27,1184,27,27,3,2212,61,1184,27,27,27,27,1152,890,27,3,9,441,441,3,3,98,10,136,27,304,3,96,40,27,33,27,3,3,27,3,239,375,3,3,1184,21,70,525,441,2212,30,27,921,3,1841,27,27,890,27,27,3,40,25,27,1549,25,3,233,125,3,921,3,1444,27,2714,98,921,3,2212,19,27,3,3,3,126,27,3,2212,384,3,27,27,3,3,3,123,27,1816,27,27,3,112,27,3,79,27,27,3,185,270,163,69,3,1152,3,43,921,27,921,3,921,27,3,2714,1184,27,1184,27,27,921,3,890,3,3,3,27,3,890,27,3,3,38,3,22,121,27,3,27,3,3,27,3,277,39,890,921,27,3,218,27,1071,3,17,3,921,3,70,27,182,27,3,3,3,93,3,3,306,27,19,114,70,27,27,263,751,199,3,92,27,3,3,27,27,1184,168,27,3,122,27,112,1184,3,27,3,19,29,27,27,921,3,3,10,1184,27,1184,27,1184,93,27,3,19,41,1184,27,84,921,27,3,19,890,38,27,302,112,1184,53,3,3,3,27,3130,110,3,3,890,3,441,27,38,3,27,3,40,1184,3,3,218,27,70,27,141,1184,890,33,27,3,890,188,3,27,539,3,55,27,113,27,890,27,1184,3,3,3,3,3,220,3,105,27,27,525,3,16,160,3,7,3,6,27,890,27,3,758,27,890,3,757,3,216,27,3,10,3,257,3,3,890,3,1420,27,38,2212,27,14,3,27,3,145,1549,70,175,111,38,3,27,587,3,921,216,3,27,444,1184,27,3,3,3,157,1623,3,62,3,137,441,3,3,27,27,3,12,3,363,38,85,3,3,1184,27,27,27,10,15,3,75,83,1225,27,1184,27,3,27,108,3,27,3,3,441,3,27,50,14,27,36,3,441,2,3,3,27,3,14,27,51,3,40,3,3,44,27,7837,3,27,890,27,921,27,5,15,41,3,27,27,27,1184,27,439,1666,4,27,890,441,27,2212,302,27,3,27,921,41,127,70,3,3,3,291,27,27,1184,6,3,244,27,27,3,3,25,27,27,22,83,6,27,96,23,3,1184,3,445,3,3,6,3,3,15,3,70,3,18,145,141,23,3,96,27,27,14,441,78,1184,3,3,3,14,1195,445,3,240,3,27,3,27,2212,3,3,3,206,18,3,27,441,1184
263,890,27,3,78,27,180,3,46,3,3,3,27,38,3,372,1506,487,153,3,1184,3,441,1184,27,4,3,921,1184,22,27,27,1184,1184,34,3,27,152,1502,61,3,307,33,27,3768,3,3,27,1549,407,22,3,482,18,27,70,3,124,27,253,48,240,25,43,2212,407,5,3,3,1427,1184,3,3,42,302,55,3,3,921,27,3,3,3,38,245,2883,2714,3,2212,1184,52,3,3,1881,302,111,27,7282,127,441,178,3,27,51,921,27,1184,1304,27,407,27,121,3,27,104,218,3,1184,1184,3,27,1881,3,27,79,27,1881,3,27,3,3,3,417,420,441,3,15,38,3,2212,27,3,441,27,399,3,218,1184,27,27,2212,623,1184,173,141,27,410,60,1184,2734,3,2097,27,3,27,287,27,441,27,27,27,104,1184,218,27,40,27,27,27,27,1519,284,1184,302,2212,3,3,218,3,1184,47,220,70,27,38,1184,235,578,27,9,27,272,3,1650,27,2212,125,2212,751,1184,173,124,27,3,302,218,125,27,14,195,27,263,1184,890,302,139,142,3,302,235,190,27,3,3,1184,70,276,27,890,27,193,27,10,3,125,27,3,31,27,3,116,2714,1184,27,145,3,27,14,11953,27,27,689,35,27,150,27,3,3,3,27,2212,3,38,27,921,3,27,1326,27,104,16,40,27,3,1184,27,441,2,166,27,3,201,112,3,1152,35,12,199,3,2714,445,3,21,90,3,27,108,3,3,1184,302,3,3676,3,3,27,27,1970,3,3,27,921,3,1184,3,3,27,3,218,3,169,27,1184,141,27,3,38,27,27,267,27,70,98,3,18,27,27,3,27,3,98,198,70,441,890,38,28,921,3,27,70,3,2,3,3,27,27,3,3,27,3,145,3,284,3,27,1184,3,2212,27,302,27,27,27,27,91,27,3,14,218,3,27,3,27,112,27,27,6,3,2212,3,3,57,3,3,19,302,27,588,27,70,27,17,3,27,233,27,3,3,145,145,27,94,284,27,27,27,3,3,3,3,27,27,27,1184,890,123,27,242,136,450,141,890,27,3,330,2212,2212,1184,45,27,75,220,3,134,890,27,27,890,218,27,27,93,3,27,27,3,441,13,3,2212,552,27,27,302,3,27,69,127,2714,302,3,15,140,83,3,206,27,4492,18,3,27,27,3,4155,3,3,1184,3,6,27,2212,890,25,27,3,70,3,3,27,1647,3,3,1184,3,64,144,3,1184,302,27,3,441,27,219,27,183,3,27,27,2212,600,17,3,27,89,437,100,27,3,186,198,890,27,3,4578,27,921,3,1732,3,27,27,3,3,3,3,172,27,70,441,441,112,3,27,3,3,98,1623,27,27,69,27,441,27,3,27,3,27,1420,55,890,102,135,27,79,27,79,3,3,27,16,2212,27,205,1184,3,418,3384,306,10,10,263,3,27,2883,1,112,3,2212,3,3,1101,302,27,398,3,27,40,24,3,3,3,91,218,218,112,140,27,229,1184,921,3,1184,129,3,79,3,3,13,27,13,18,55,3,1184,202,20,2212,3,3,3,3,3,65,70,3,3,83,441,3,3,42,27,27,441,198,58,151,220,79,3,11,3,221,10,3,128,27,146,218,441,3,141,1076,3,3,56,441,3,27,890,40,3,8,70,5,3,165,3,5927,3,189,13,1184,188,27,3,48,6465,3,441,27,27,117,3,70,3,13,3,27,306,70,441,112,441,27,921,3,921,291,70,3,218,27,2734,890,3,1078,27,23,3,27,27,67,27,27,3,62,80,3,3,263,3,263,27,1184,585,441,3,3,27,27,27,43,27,27,27,80,27,27,3,27,460,27,27,16,193,1881,27,27,302,112,1707,1549,187,121,37,3,27,123,27,83,79,302,27,70,441,921,1184,27,98,27,27,7712,20,382,27,7514,3,27,525,139,362,3,27,441,3,93,27,3,70,27,804,136,27,1881,27,112,27,24,1933,112,98,10,1184,27,27,27,38,27,14,27,1881,263,3,27,27,27,302,141,3,921,27,1,216,27,3,140,27,154,3,417,52,27,18,16,3,3,1184,3,10,2212,27,3262,27,3,3,3,27,69,38,41,41,3,407,1184,3,210,1,2734,3,3,163,3,27,3,27,27,27,27,27,1703,3,441,27,3,27,890,3,74,302,27,921,27,3,27,2212,3,163,441,87,3,1184,157,1184,3,3,441,27,1184,1184,70,302,3,5,3,218,3,441,3,402,27,3,1184,1184,10,27,86,27,3,125,38,4,441,3,1184,3,27,314,108,220,79,27,14,27,27,27,7,3,40,3,441,3,225,54,3,142,3,27,3,616,349,27,1444,218,3,19,3,407,256,3,27,219,642,27,3,59,375,91
27,3,3,3,27,3,27,3,372,850,198,54,70,3,38,1184,27,3,2,407,1623,3,3,27,262,3,3,26,27,27,27,27,11,426,321,3,51,199,72,166,3,27,3,489,27,142,27,3,1225,27,3356,70,27,27,903,70,3,3,27,15,525,141,1184,27,3,27,3,10,1184,324,1184,3,3,3,458,3341,27,636,218,2714,52,141,310,16,27,302,411,27,218,21,2212,3,3,141,185,27,141,3,27,2212,218,123,3,3,1184,361,116,56,525,220,3,3,21,407,497,70,3,1184,6828,27,27,556,3,3,1881,27,27,220,2055,27,3,453,422,199,27,3,441,27,27,921,3,27,921,102,27,70,27,1901,3,14,14,27,3,3,3,34,81,70,126,26,233,233,27,27,27,3,27,3,27,3,27,3,29,3,136,218,3,1444,372,4,302,27,27,3,70,5330,105,291,3,12,27,27,27,185,27,3,302,10,27,199,154,27,27,1071,68,1184,27,3,27,5546,2212,27,441,3,1444,79,14,3,27,27,1184,27,3,263,26,698,3,70,12,267,141,890,16,1184,890,379,3,221,27,777,3,27,696,302,2212,1184,3,27,93,441,1184,1184,1184,91,453,3,95,19,44,199,250,3,14,890,3,3,3,218,485,70,3,27,2212,70,52,25,84,3,3,3,70,124,242,317,18,6,92,2056,27,3,25,104,27,2212,27,48,98,218,27,338,123,218,387,302,494,236,153,3,3,3,751,27,27,27,27,3,70,233,27,954,3,27,319,3,3,3,27,701,233,27,3,27,302,7,10,27,70,27,3,194,27,78,2734,158,27,27,30,183,302,52,27,9,3,3,27,3,141,3,218,40,401,3,3,3,19,27,369,27,27,218,3,12156,3,153,388,3,2212,39,27,921,3,3,27,3,850,70,3,5,3,194,3,3,3,38,2212,1240,3,27,458,27,3,27,3,921,141,27,199,441,46,40,890,3,180,3,3,97,6609,63,271,27,3,70,27,601,149,3,218,3,6465,3,295,372,302,5,27,3,3,44,27,27,27,27,27,372,10,3,27,1184,79,27,3,3,27,86,441,218,1071,11,8496,27,2212,22,27,3,27,3,14,337,108,3,292,27,27,112,280,1184,921,20,27,27,106,1184,273,2212,84,27,27,3,27,37,2212,1184,380,757,2212,70,280,3,136,247,6,27,921,10,27,27,302,27,27,273,127,247,155,3,3,31,751,3,79,291,27,51,13592,3,921,108,112,1184,16,27,27,410,27,86,3,110,3,27,247,3,18,441,921,27,6526,270,27,5998,218,27,327,102,4155,27,247,3,3,156,27,1184,3,166,27,27,90,27,388,3,27,27,3,2714,73,27,175,277,3,178,359,1184,1184,3,27,7,379,9,41,2714,27,3,803,1549,3,3,418,27,23,53,302,3,1184,3515,362,27,3,3,3,1184,27,2212,1078,220,27,2212,757,79,890,145,27,585,201,136,70,13,3,3,70,3,516,27,27,37,6,27,4,3,70,3,142,3,838,27,23,27,3,27,141,27,2714,3,16,143,27,27,3,66,27,27,27,232,27,27,27,229,407,111,98,27,2212,125,218,189,970,3,3,70,27,27,2212,10,24,441,441,921,3,204,233,27,27,3,302,220,3,3,3,218,233,297,3,233,181,70,2212,148,3,27,3,652,1184,302,1184,27,219,3,27,27,136,79,2449,3,27,4490,27,52,201,362,3,82,2714,3,51,372,27,196,3,3,3,202,3,27,3,112,27,99,27,27,3,1152,2212,27,1225,3,27,199,79,193,1184,3,10,147,441,27,27,209,19,1184,671,506,27,77,188,70,27,89,3,2714,5546,2714,441,157,3,27,302,441,3,236,200,38,59,206,189,268,3,27,3,83,27,233,242,36,4266,2212,3,441,96,274,890,72,308,3,3,100,155,3,256,1076,3,2494,3,27,141,122,1278,298,70,10,70,88,3,3,1881,31,27,1168,27,30,253,27,252,27,12,104,27,43,3,124,27,195,14,446,3,27,27,3,108,3,123,442,27,3,3,27,3,27,3,27,218,2212,1,3,3,160,188,3,30,3,3,3,27,3,1184,2212,168,27,3,3,112,80,3,3,6,218,29,3,302,3,3,2734,3,151,2212,43,2212,163,27,174,2734,450,3,27,3,441,27,3,3,27,27,3,3,306,3,27,202,27,27,70,3,124,3,3,27,27,3,1881,921,27,3,1184,1188,27,27,107,27,70,3,27,236,52,3,59,27,349,15,302,27,27,131,921,156,27,218,27,27,361,257,2212,27,437,27,27,27,236,3,2212,20,3,27,1184,27,652,289,27,27,247,27,27,93,27,441,1184,120,5545,3,302,270,141,27,218,3,27
921,3,10,52,27,27,263,27,381,27,218,458,242,27,238,27,412,10976,15661,70,330,2212,60,218,110,261,755,190,410,113,301,29,107,380,3,238,27,3,3,117,304,27,1184,10,921,3,2055,27,3,2792,2,1729,3,584,23,103,3,218,27,551,317,218,3,407,762,921,6892,70,27,193,1184,96,121,3,2714,3,1184,14,397,57,391,40,233,512,850,203,616,3,27,587,3,186,441,27,2212,3,27,213,508,3,31,3,500,353,568,27,302,279,14,199,27,2714,27,27,441,27,3,3,5285,137,27,3,27,27,70,3,441,494,27,8496,27,195,70,3,533,3,57,265,3,209,3,3,44,27,3,98,127,3,1401,441,144,27,3,125,100,482,27,410,589,5998,27,510,218,3,3,136,921,27,233,27,27,460,921,27,195,3,180,233,3,27,539,65,27,3,130,27,1184,3,3,3,1323,218,1184,3,179,520,441,3,262,216,1184,3,2,263,64,248,3,3,518,3,3,195,585,42,93,255,27,27,3,27,218,96,169,27,27,70,1652,27,2212,89,141,70,134,162,9437,55,27,27,233,3,70,890,53,218,1765,27,3,27,220,3,27,27,152,38,3,27,3,218,124,27,3,27,51,27,1001,3,266,218,27,1549,921,112,3,2263,51,145,525,652,809,3,1184,27,457,1184,3,26,337,306,27,79,1184,40,27,183,3,27,27,27,182,27,108,21,136,1184,2212,27,41,9,94,236,480,247,27,27,27,1,27,27,16,252,232,441,3,199,109,3,441,44,8,3,3,10,15,3,27,27,27,7514,1549,138,346,441,27,2244,284,263,27,27,80,1293,1184,138,1152,3,803,3,3,753,35,3,65,302,3,539,27,13592,110,3,302,27,3,27,27,749,216,3,112,441,27,212,27,178,113,27,27,3,27,3,27,3,3,3,889,946,27,27,3,27,3,10,98,2212,3,27,299,3,3,525,291,27,89,3,388,27,4747,34,27,921,3,3,302,41,91,27,68,202,3695,1184,27,98,460,27,2212,391,302,10,441,3,3,236,10,27,478,696,218,27,27,3,210,3,222,27,1184,27,11774,3,3,302,441,27,3,271,3,273,3,202,42,172,585,3,7901,27,27,3,3,27,22,117,3,4155,3,130,27,27,3,38,27,3,43,27,3,3,447,921,27,3,128,1444,125,441,3,3,218,1184,27,2042,27,5,146,587,27,189,2212,141,53,3,410,1,350,525,31,70,3,3,383,234,27,20,3,3,3,61,3,2714,220,100,388,27,13592,312,3,156,4490,3,50,3,57,1184,165,3,27,27,70,921,27,27,3,395,3,31,79,2571,1184,1358,70,27,3,27,441,27,3,441,218,302,2626,758,302,38,1184,445,589,3,43,40,164,15661,27,3,27,27,3,302,2212,85,3,79,202,23,27,27,441,3,279,151,86,27,27,314,78,890,3,1184,441,27,1184,406,3,27,27,16,3,220,27,27,32,27,27,163,141,27,14,246,38,80,27,125,1184,636,3,27,2734,54,3,3,149,3,27,319,27,579,27,27,14,27,8461,1184,3,199,3,3,1184,27,178,302,70,31,80,3,370,3,3371,3,27,159,6217,143,142,27,3,147,207,218,27,38,3,1078,3,4629,27,27,3,104,682,10,2212,82,98,7712,27,27,27,27,27,256,27,27,3,27,3,2212,2212,438,194,3,472,362,3,157,27,27,3,27,27,333,272,209,2714,890,144,194,161,27,5,186,8971,27,38,51,3,2212,27,82,880,187,441,70,27,27,3,921,291,27,3,3,3,431,27,27,27,3,322,27,2,3,3,407,3,94,429,210,78,27,27,38,890,291,10,166,27,1184,3,27,153,4856,2714,1152,64,70,70,27,27,572,27,220,159,3,354,3,8,1184,291,3,3,27,43,3,441,27,159,27,218,3,43,3,102,16,27,803,31,921,27,27,2714,27,3,3,1185,46,179,2212,578,6465,186,600,3,287,3,3,3,27,2714,27,27,96,3,539,3,88,27,302,38,27,3860,263,27,3745,27,751,6799,27,25,110,3,11,55,27,152,410,61,3,56,27,111,30,1057,1184,10,3,302,3,102,38,417,163,218,27,30,2055,218,45,3,20,407,40,441,7346,302,27,27,3,72,2212,36,29,87,27,27,5546,79,3,27,582,233,27,122,27,1184,27,27,81,177,3,3,3,284,27,27,118,61,3,2212,965,3,491,27,121,3,27,441,27,3,27,93,3,2212,11,27,136,890,8496,3,27,228,3,12818,243,585,186,3,1444,101,166,2212,3,50,27,3,27,3,446,3,220,218,921,125,71,27,1184,139,407,302,110,236,121,8,732,821,103,11,246,582,27,27,27,70,3072,82,186,921,27
199,27,27,1066,27,3,284,108,27,1184,277,1444,27,302,410,422,27,78,79,439,302,27,195,246,218,27,5998,1184,27,18,3,3,27,381,441,2734,27,1184,27,3,70,5330,27,27,27,27,314,93,3,27,3,24,27,98,27,42,285,7346,105,116,3,836,1077,70,1090,27,3,498,55,37,27,3,132,441,66,620,3731,932,219,3,1184,2212,4459,186,27,361,125,2212,62,27,1549,921,228,27,27,55,198,27,403,3,25,571,80,372,27,365,43,38,27,921,79,27,798,218,40,349,3149,227,3,3,65,3,3,840,302,1184,435,70,27,27,152,343,372,27,70,204,27,27,277,3,27,70,641,38,89,23,27,407,27,70,3,551,206,27,2212,233,4191,247,215,767,3,84,163,71,3,70,27,2212,921,3,27,1184,3,477,7712,284,1326,27,27,394,84,263,40,232,441,27,27,136,27,136,186,218,39,2714,27,2212,136,218,1184,2341,27,27,284,27,3,441,218,1549,5883,6076,890,302,27,70,112,383,86,291,291,600,13592,27,291,106,3,27,313,263,27,1168,112,27,27,330,27,110,392,27,1881,70,265,3,108,332,27,79,27,10,112,3,3135,362,250,1184,3,27,2391,7,263,40,921,180,890,27,38,17,3,3,2212,821,211,2212,3,3,218,27,214,550,1184,27,27,407,117,960,27,3,27,27,441,2714,186,27,38,156,112,27,282,132,27,27,27,3,27,27,263,890,41,220,218,27,3,27,258,300,5827,16,227,27,3,27,890,3,44,107,27,3,19,235,96,190,27,70,376,27,758,27,3,98,3,41,91,284,15,70,2714,3,3,302,390,1881,3,218,963,40,212,47,346,352,372,27,246,3,27,70,218,218,27,27,78,890,1,51,3,154,3,727,27,871,3,259,59,3,361,125,525,6465,27,194,218,83,27,285,921,27,3,27,91,127,70,27,3,445,3159,3,27,27,803,368,1184,220,25,27,141,27,3,4411,10,3,408,145,27,1184,79,3,8414,27,3,380,27,263,1184,68,1184,3,27,117,2714,647,1184,3,811,27,70,27,73,381,1184,302,3,80,2734,3,60,184,27,5816,2212,27,27,482,3,3,673,10,27,971,266,2055,27,445,525,27,2212,27,3,27,27,302,3,380,942,1184,3,22,260,27,3,8469,2714,104,1070,218,238,3,218,27,27,27,27,190,70,3,441,3,27,27,250,81,263,3,302,111,441,27,27,481,27,62,27,570,27,145,239,17,3,3,22,27,441,3,401,381,52,371,430,3,2212,3,2212,201,27,38,70,55,1184,6,27,18,921,1184,70,156,3,1988,441,70,202,3341,166,27,54,3,654,38,27,199,1184,1184,302,381,388,70,27,403,27,1184,38,365,542,1184,1184,27,3,366,27,571,27,27,13592,3,38,34,52,64,27,3,441,82,141,4578,306,43,3,532,72,3,27,27,112,27,27,27,246,407,7712,1184,3,27,175,27,27,89,441,6465,46,192,439,2714,325,108,378,3,3,1225,70,639,3,295,79,27,152,376,2571,3,3,3,27,430,267,3,104,3,326,1184,1184,218,40,27,463,475,27,483,892,27,3,3,245,3,41,295,369,1184,441,165,27,79,183,218,2714,153,158,3,394,263,1184,3,145,27,3,475,10307,240,145,488,27,235,159,27,3,3,3,27,3,302,438,169,49,143,341,850,3,302,3,600,27,636,3,441,27,14,585,1509,147,308,7,380,218,94,921,1184,218,372,3,309,112,29,27,27,20,27,151,3,302,539,79,921,441,53,108,27,143,27,22,525,318,27,3,155,2212,38,2,27,122,376,227,27,27,3,123,407,27,1881,27,3,27,233,43,419,3,302,245,1039,44,91,27,291,2221,27,3,27,27,587,220,218,68,27,3,27,10,3,33,173,191,392,758,27,27,3,678,1184,233,407,3,2714,3,291,32,206,3,3,27,660,822,2212,27,27,3,660,365,26,758,138,3,199,38,13459,55,4513,302,5,108,27,3,3,199,1420,1184,441,232,3,472,27,1068,13592,548,381,27,112,803,27,27,3,280,112,27,27,27,27,27,27,652,272,3,7712,53,45,27,3,27,2714,912,385,27,263,2714,27,218,85,173,441,549,11786,27,27,218,220,3,175,734,7,27,441,5330,70,6465,375,2714,70,27,27,27,3,6277,206,3,91,8205,73,27,257,27,3,27,235,10,3,3,27,3,38,263,93,388,3,5883,243,72,1065,890,2212,27,571,27,19,27,1184,345,369,2212,657,27,10517,164,27,27,223,27,27,8496,230,3,70,3,3,441,218,7967,1761,2,117,27,98,239,463,2,3,38,27,628,1623,441,27,372,362,4,188,38,2212,3,2212,890,25,5447,696,3,27,27,259,27,141
6368,239,112,28,441,985,302,391,208,27,14,233,242,441,70,3,3,18,27,441,2212,27,3,2714,6,3,240,27,70,273,280,4922,39,410,129,27,87,104,890,219,3,376,233,27,3,441,112,27,5,27,55,2792,3,20,27,200,27,27,636,27,220,145,6241,390,17859,3,753,306,27,3,3654,27,197,407,30,425,27,494,361,2212,3,298,525,198,3,21,365,1039,218,31,27,232,302,14,27,108,3,3,27,242,70,890,787,3,49,3,143,410,2714,425,27,219,3,12,137,3,27,525,188,3,441,27,751,27,1706,145,123,79,27,3,637,3,27,466,3,27,103,1184,20,356,27,509,3,50,135,98,91,291,396,190,104,229,27,198,5546,166,1184,3,2212,480,3,890,43,476,3,10,27,27,3,349,2212,27,79,180,27,327,1176,8496,70,385,27,138,112,13592,41,7133,218,27,3,1089,568,8496,55,212,3,27,407,85,244,392,306,13098,27,79,631,226,1361,27,27,381,162,47,35,27,141,302,219,48,218,314,3,2,110,27,667,266,3,291,25,3,748,3,13592,117,263,3,144,407,180,325,441,554,525,751,3,27,462,142,38,3,3,191,31,1623,27,27,5,459,361,368,89,235,27,47,1184,264,27,3341,26,27,27,84,921,161,3,740,10,27,2714,27,31,3,921,73,116,233,3,177,27,47,130,3,380,27,507,27,10082,5,64,27,217,27,3,301,38,27,111,2621,3,441,815,2212,1431,27,3,407,441,70,3,725,27,3,441,27,3657,27,48,79,145,6,27,27,3,2212,27,3,1184,144,30,53,38,55,27,27,269,70,27,587,534,38,27,3,310,70,68,2212,2792,27,3,11,3,2212,27,27,27,94,369,888,774,600,27,156,10,27,3,441,1549,3,4,1,98,10823,3,110,1184,1184,284,218,441,302,27,432,3,38,441,27,407,27,2,389,303,218,242,292,355,525,441,70,250,2682,476,302,2212,441,79,27,263,3,441,320,27,957,616,27,134,2571,27,59,841,365,3,250,680,188,26,696,3920,116,3,80,762,407,302,50,476,27,3,131,27,302,7901,27,3,27,27,240,1643,27,285,14997,27,3,27,362,27,27,890,119,64,3,3,3,3772,240,220,2212,362,27,2042,195,38,53,38,3,2512,27,91,27,302,27,20,145,1184,187,441,585,191,3,27,1078,220,101,43,236,975,6252,218,3,3,27,533,3,27,3,218,537,1401,218,890,441,57,306,3,2714,240,27,488,3,445,441,27,277,52,27,682,1643,27,1097,247,890,10,3,2212,27,1184,6218,27,1,3,316,841,441,302,98,55,87,218,287,302,841,27,2042,890,7967,27,2212,27,188,263,27,70,616,27,27,921,27,220,652,1184,220,1184,825,27,933,27,27,194,24,233,27,66,432,1850,27,301,27,3,4367,38,27,921,890,441,587,27,27,293,3,1188,372,590,27,546,27,409,218,302,3,27,27,758,3,145,302,309,17135,27,2372,27,372,422,841,27,422,85,220,3,27,3,20,507,445,188,27,119,3,3,27,9048,404,302,27,27,3,154,2130,447,79,70,205,188,122,3,2714,1184,38,41,70,751,2212,18,1225,372,407,27,217,3,285,27,27,3,27,43,7998,349,3,27,52,3,156,890,302,3,27,27,362,2734,3,27,1111,27,233,302,264,3,429,30,636,6465,37,3,153,27,27,356,88,27,27,81,3,168,27,465,218,38,27,997,27,340,3341,27,85,271,263,218,441,3,2212,441,921,401,96,291,27,3,27,124,38,27,27,27,218,27,15661,634,3,480,921,3,27,27,263,1184,218,78,763,2714,218,3,27,263,119,31,19,27,27,362,273,619,3,516,79,27,27,247,27,180,27,669,3,70,3,441,489,7967,27,2212,27,7644,236,215,80,242,218,10,381,53,70,14190,491,255,300,389,636,127,27,218,236,70,218,302,3,203,27,634,441,41,394,922,218,218,887,3,5805,88,55,8496,27,27,200,183,145,2734,302,417,63,539,27,27,1184,441,302,17,634,1005,388,27,397,1184,201,841,70,2714,27,169,436,441,3,8771,24,218,27,660,225,1184,636,27,79,27,3,27,27,522,3,123,692,27,150,323,27,1713,27,1184,302,40,426,212,267,19191,890,357,3,2714,53,218,63,657,3,3,2212,27,44,6465,220,981,65,2212,80,413,57,652,1336,3,129,3,280,70,108,2212,1881,3,13592,879,441,136,218,1540,156,218,192,27,186,41,762,302,27,157,250,27,441,6217,218,1065,560,27,650,388,817,291,184,149,63,27,299,3,3,4384,302,27,26,420,35,797,652,218,31,2714,126,385,66,38,1444,3,3,27,578,3,46,3,12,155,112,27,7296,7967,20,384,839,27,53
3,3,108,260,3,273,247,3,10,27,3,3,27,12197,3,230,40,46,507,27,1881,41,441,27,206,233,89,242,5546,441,342,2212,821,27,27,27,3,247,145,27,372,3,758,27,5998,38,7514,135,27,547,302,674,3,27,372,111,130,27,4173,27,2212,3,248,228,293,27,37,27,36,3,1184,27,629,371,27,299,816,3,3,195,3,5546,218,6465,218,199,126,3,849,27,3,38,26,310,27,14,3,177,284,3,115,667,291,27,27,27,27,27,306,3,102,3,493,6,1184,3225,1078,95,218,440,3,306,135,263,441,3,111,27,10,331,3,221,27,3,27,27,1184,3335,408,91,3,27,14,27,3,27,27,107,27,441,153,211,14,887,10,1842,10067,145,3,1184,145,38,78,242,380,302,1184,419,15661,70,411,247,339,280,120,3,26,93,5342,362,3916,218,3,198,5104,27,445,1012,727,3,289,8496,441,38,507,27,187,435,27,38,3,109,585,27,27,236,14,362,27,70,365,12347,27,7967,4155,1184,27,31,242,3,3,563,1065,27,2194,582,27,441,3,70,1272,147,27,297,50,438,302,38,3,29,141,286,5967,206,3,5,195,651,447,3,3,27,302,663,78,603,2495,351,319,1039,441,5546,81,3,434,235,3,27,173,182,751,1549,890,372,27,233,2212,27,417,89,557,890,27,7133,890,18386,6,3,349,476,NA,215,556,166,163,350,151,3,247,27,3,27,382,27,27,27,3,27,3,3,17,27,14,355,201,44,246,25,634,19191,302,710,229,229,163,365,1184,302,3,218,73,27,3,27,758,267,3,318,3,272,80,3509,27,27,202,462,108,7967,27,679,4459,539,70,191,27,10,372,64,1184,552,2212,372,300,1697,25,441,16,199,657,27,38,27,600,280,38,3,27,675,3,27,3,1184,356,841,748,163,3,27,239,27,3,2212,826,65,3919,1,102,27,3,267,97,441,27,152,5943,249,441,220,27,1184,19,15862,27,603,27,585,81,349,379,1549,2212,38,854,921,70,106,302,160,9900,13,367,27,119,330,69,553,1881,27,407,1076,169,20,58,3,239,40,27,10,27,188,8,27,3,2714,125,19191,38,2212,70,284,38,27,27,3,250,189,80,890,27,70,218,27,479,263,27,27,27,507,302,27,27,27,20,98,94,10,751,218,27,3,598,27,27,1881,302,7170,27,27,3,27,3,27,2212,1184,302,366,27,347,5998,2212,263,27,27,150,60,3,68,27,27,188,921,27,668,27,17,27,636,27,38,3,27,2212,27,14,27,27,422,4969,218,441,80,27,302,302,580,441,31,80,156,188,27,27,27,3,302,110,2630,27,135,3,1449,328,27,31,29,55,93,55,22846,372,233,3,27,2714,20,798,921,6,79,218,628,104,3,3,407,298,380,27,27,206,3,447,2212,221,137,205,51,539,3,70,399,110,1459,79,3,441,214,270,921,70,3,27,27,27,27,27,3,27,3,98,10,1184,3565,70,218,2657,8496,301,7967,27,931,1171,921,73,8366,1184,407,27,1184,80,70,1184,1278,27,110,27,3,291,675,27,3,3,27,250,23,3341,988,117,38,3,373,3,3,27,272,10,6465,27,615,93,301,3,441,238,156,27,1184,96,3,218,50,27,12,3,27,55,3,66,12516,362,441,13,79,12,27,70,141,27,70,703,1881,128,586,441,1059,3,1458,168,395,70,567,206,69,74,27,27,393,3,57,1549,27,27,3,141,27,79,1060,27,3,52,235,273,27,3,407,27,3,7967,812,749,70,1549,3,542,2714,27,27,27,302,376,27,41,362,27,1184,218,3,438,27,169,27,3,38,610,27,17,890,236,40,1573,441,5546,346,123,441,27,3,27,921,27,3,13592,441,313,2173,98,441,27,35,59,27,199,218,23,1184,27,155,65,247,122,2714,189,230,80,3,3,890,380,872,27,2212,2714,476,20,27,565,921,186,27,302,587,6277,778,27,2212,122,218,284,339,550,3,485,397,163,27,533,27,1184,3,8496,284,585,151,539,921,27,441,500,7548,291,8496,2212,27,191,183,3,174,5998,445,605,542,79,218,144,785,1274,1211,27,3,155,27,284,3,36,3,139,125,19,855,634,3,362,58,3,300,3,441,3,248,3,27,27,1184,194,270,27,219,302,27,2479,99,660,3,1184,27,607,245,300,27,3,302,896,2212,3,102,270,7514,79,529,195,3,518,302,589,297,27,27,38,1,27,27,4673,3,3,199,27,450,271,921,377,3,27,3,3,27,3,30,127,205,921,79,198,27,3,152,27,21,27,441,445,3,27,218,372,27,8496,304,3,27,252,70,27,27,78,188,441,250,1184,79,362,302,3,3,154,3,1184,3,345,267,400,96,3,27,3,218,2714,27,441,2055,27
27,27,136,921,263,890,70,441,387,5,3,899,356,381,70,27,441,27,42,3,726,441,6035,138,302,102,176,957,876,249,452,35,3,28,921,441,3,27,27,292,202,208,921,441,803,27,352,119,27,3,3,27,476,27,499,3,221,27,302,751,2212,789,343,195,27,3,22,244,27,27,6990,27,403,359,169,369,3,27,732,563,13,441,213,27,27,921,70,302,27,422,774,27,890,277,1,3,38,498,890,112,17,441,27,27,15,3,890,27,5,27,258,51,263,27,441,2148,27,141,372,1759,27,302,1008,27,2212,27,27,581,252,2714,27,6,333,27,719,758,195,38,3,70,3,441,27,291,27,3,1447,380,3,27,54,6247,323,85,235,441,1184,198,998,250,1092,27,195,362,727,27,263,70,595,317,27,380,525,236,2,98,3,303,27,104,860,226,NA,156,27,123,3,144,8,3,28,7514,2785,441,27,27,430,1,367,100,128,36,751,885,70,362,205,27,27,50,31,27,441,27,40,164,368,113,898,27,27,22,216,441,441,70,3356,27,656,190,1155,221,220,890,27,3,27,333,145,27,276,52,68,195,291,27,921,525,111,89,27,3,470,27,NA,114,263,96,96,27,441,388,250,18801,3,422,302,3,901,211,151,3,151,445,27,302,9765,22,482,27,652,302,46,372,27,966,27,762,1013,636,441,209,6465,2212,3,27,1,69,441,27,27,167,70,3,27,156,678,19191,1223,345,302,441,27,3,169,3,388,27,64,240,3515,13592,1639,195,27,476,27,986,7967,13592,27,302,27,347,7,3,302,10,212,206,151,302,697,240,652,8884,3,828,27,220,1184,270,3,70,468,78,3,416,3,1220,1538,270,163,218,990,27,32,29,441,629,302,27,302,554,12059,218,145,483,284,153,119,250,3,27,27,6465,3,27,171,890,890,218,27,4,408,93,27,3,449,3,29,27,4703,3,176,22,605,476,27,43,1184,27,46,600,525,345,27,27,5,40,70,70,407,957,27,636,7031,302,912,3,3,26,349,265,27,53,405,27,111,841,443,218,27,27,1092,445,27,151,211,27,196,890,377,27,302,218,2212,354,3,2395,141,441,3,710,27,841,218,985,29,441,3,774,4,695,27,27,27,27,293,3,957,585,537,365,136,128,27,219,6,351,2714,10,27,1184,7133,158,93,27,3,2755,27,3,70,273,876,3,158,183,247,76,3,19268,13592,27,1053,247,657,108,125,24051,92,1184,372,652,1091,3,15661,27,302,3,372,407,199,235,27,260,113,890,3,141,13592,296,27,27,13592,302,70,8366,112,3515,38,291,821,1927,376,27,654,223,881,89,9934,51,27,15,27,220,160,333,2212,634,3,3,27,660,794,27,3,27,77,3,476,38,27,1071,27,124,1168,3,525,3341,1071,583,579,27,890,776,27,10002,890,38,587,3,507,957,3,27,1184,27,13592,93,132,1547,27,27,196,19191,27,585,27,237,254,27,757,92,144,3,27,302,1184,70,406,80,441,435,307,27,27,354,216,27,329,27,557,27,92,218,85,30,441,27,218,286,141,27,27,557,27,378,239,2996,27,2212,2212,17,27,587,31,3,233,13592,27,582,27,218,921,841,441,20,3,27,218,27,441,27,27,24,52,533,441,433,1184,2714,233,40,329,27,94,137,302,525,70,79,3,5998,372,861,3,70,48,220,38,70,616,11948,643,27,921,890,549,70,27,14,17,382,921,267,2,226,27,921,27,27,350,362,27,274,921,27,207,2714,99,599,3,27,188,3,549,821,167,441,1184,233,220,636,27,155,208,3,3,136,4078,5546,6,1184,660,372,623,186,14055,2212,27,235,27,27,27,3,43,441,302,27,104,13323,1184,4490,27,149,43,161,27,44,515,223,3,381,27,10,171,218,3,365,27,1184,81,60,27,38,9,3,890,191,1184,302,218,13592,13592,34,567,508,220,128,602,7133,415,851,190,76,17,141,27,393,3,266,123,51,3,1184,198,921,112,206,493,218,3,30,27,38,27,3,3,3,27,957,325,3,27,27,1184,27,27,271,104,840,381,98,291,3,105,361,6152,725,1184,27,17,247,3,218,27,380,3920,27,27,154,362,203,302,108,456,70,NA,407,297,27,27,27,27,1459,136,166,27,242,3,188,70,3,38,27,3,27,48,372,525,212,96,291,159,27,289,27,304,27,3805,284,3,258,218,5104,70,27,27,1184,890,3,3,484,193,70,15661,267,38,3,1184,87,38,169,3,632,313,27,4606,299,27,332,355,13022,70,291,247,379,27,1179,3,27,2212,3,299,3,2212,1184,18,528,111,441,145,263,302,27,194,378,3,636,3,218,272,27,306,340,27,27,3,27,575,218,10,2212,27,585,27,1184,237,199
98,3,334,8,3,2212,2212,1134,1184,636,1092,3,336,70,247,3,70,3,616,269,501,98,179,27,458,27,3,27,38,124,27,52,755,618,260,43,445,302,14,5275,27,3,715,906,1137,773,3,921,3,142,3,22,1333,579,261,80,24,407,1184,27,27,27,3,27,479,6,375,3,215,27,102,294,525,913,89,465,769,3,2561,8837,12074,58,302,27,841,2407,361,137,27,260,121,27,245,1198,40,1184,529,1184,134,189,361,148,27,890,1549,305,476,405,908,206,14,3,27,751,2714,13592,587,3,2212,199,262,27,NA,204,888,455,219,38,600,27,9352,685,38,375,170,218,3,660,332,27,751,425,218,9795,357,1184,96,151,3,441,291,1517,1170,3,660,2212,13592,634,112,921,70,921,480,476,218,359,216,13592,38,1315,3,679,441,14,64,2734,3,441,3,124,261,13592,887,921,27,27,70,302,921,195,2024,302,539,31,27,441,302,222,652,302,27,3,155,14174,3,274,29,27,312,177,43,155,83,168,523,441,3,38,351,27,27,198,3,537,70,2042,3,441,220,585,4969,302,398,3,242,71,27,420,175,1030,27,27,957,762,23,218,2341,469,5805,1123,5998,1184,328,287,3,27,1881,78,204,27,112,27,6646,148,586,188,1184,3582,27,476,27,3,821,145,218,27,84,108,27,817,762,3,38,27,263,470,3,340,441,957,171,600,27,168,441,3,70,27,1184,3,52,1440,180,1184,80,1905,574,16537,3,190,330,3512,158,992,579,373,1881,291,755,1184,1184,364,27,59,302,496,538,372,437,1184,27,2212,27,3,441,5765,148,409,86,276,11,27,362,31,2401,321,3,510,112,751,118,1180,27,687,19,223,27,38,3,27,20,27,3,27,695,70,27,127,7216,3,3,62,50,27,3,777,27,51,70,169,27,27,399,27,344,1184,108,367,385,1285,27,27,1130,665,508,13592,218,3,188,43,441,549,145,6,189,27,10,237,151,451,438,1184,218,27,332,8995,218,27,304,27,469,390,125,362,1333,252,39,717,206,762,233,3,236,3,3,233,747,2212,302,27,407,703,166,64,124,813,3,218,188,593,6465,1635,443,751,441,3,510,104,NA,8469,843,311,102,27,376,27,27,751,587,27,292,123,3,441,1225,27,144,3,27,407,13592,27,407,343,13592,921,362,346,145,199,3,341,3,553,670,148,817,921,3,156,242,841,5998,40,27,31,803,112,98,625,27,27,93,639,27,921,616,79,27,302,9336,236,27,362,634,3,2785,27,1210,3,74,27,199,27,1184,6,291,551,252,283,1794,27,607,675,821,533,1039,954,218,27,3,20795,1184,3,96,265,220,3,306,3,11953,27,841,27,362,218,302,124,38,2408,27,501,606,282,4637,218,27,247,722,652,3,27,2212,10,27,213,553,110,27,291,70,289,441,832,3,1184,68,125,1055,27,43,585,27,27,27,27,236,840,41,441,27,1327,1154,27,3,33,1184,284,926,921,247,27,2212,407,1067,27,70,27,106,27,3,441,411,173,1039,3,27,313,3,5720,921,27,233,98,833,277,27,218,27,27,151,27,141,224,183,397,407,263,110,195,1621,349,26,12818,302,887,1623,7514,154,180,1184,497,3,27,2714,137,3,27,27,216,441,1328,218,114,13,3,398,27,483,3,124,1420,3,890,7967,195,652,1184,3,27,623,13592,27,1225,70,3,23,441,125,27,27,302,218,38,27,27,3,27,241,3,12,24051,539,27,99,284,182,96,1184,2212,136,721,27,17,27,298,6465,3,3,117,27,549,27,546,112,3894,117,948,3,220,181,398,27,994,70,302,13592,735,27,2212,3,70,3,217,302,424,445,380,288,155,101,233,1135,27,443,3,720,452,1128,319,3,40,141,53,104,244,148,284,3,27,695,205,182,15042,3,3,585,27,188,NA,4,302,151,232,3,3,27,890,1184,6980,732,395,19191,372,3,27,157,70,452,5998,31,7596,887,19,302,27,206,280,850,14779,1265,372,152,3,3,218,3,5546,14,220,302,188,27,751,6938,27,64,27,174,27,124,135,3,145,377,152,3,27,3,180,136,890,1306,27,11910,193,2919,3,3,319,1205,218,548,141,376,585,2212,838,330,27,27,27,4030,3,259,88,441,3,188,921,27,40,890,16537,3,197,1220,2212,3,958,27,366,3,302,386,199,441,190,560,62,270,360,388,1184,361,3,492,174,521,27,27,3,3,1071,372,266,14,27,27,150,4,502,890,23,27,10,773,3,441,262,2515,27,27,2621,3,1184,372,356,27,70,441,15954,218,812,608,27,50,233,3,27,52,218,27,1184,27,27,27,921,27,144,357,195,27,27,27,441,890,398,1168,441,997,1184,383,82,1549,2212,27,916,587,98,2714,1094,27,291,3,302,27,2714,501,27
187,376,645,233,76,3,1564,30,163,656,27,1225,188,23273,1184,3,220,372,585,92,1184,81,70,27,1076,782,457,83,13592,70,593,441,1474,3,2212,102,12,2714,27,1184,441,652,372,27,3,240,380,104,141,3,2212,120,27,218,11821,560,380,273,1549,3,374,27,3,240,153,38,929,441,10,27,141,3,246,2734,441,70,27,441,571,957,2714,841,132,4307,27,669,607,3,248,27,27,27,27,27,3,233,27,73,117,27,198,1010,27,3,3,13225,83,926,397,78,2212,145,525,5998,3,3,27,890,141,188,267,70,3,1019,233,372,751,395,4155,199,406,96,921,27,600,75,3,27,14,3,600,957,726,27,653,242,27,3,1453,201,2391,302,3,302,489,193,27,15413,3,1184,131,3,27,407,525,1184,2212,585,585,70,27,921,2714,593,27,489,302,549,364,27,380,141,149,40,27,737,37,1202,240,19,546,3,141,3,302,3,339,3,3,263,302,191,515,1549,19191,19191,191,27,3,1168,236,27,2212,2214,27,587,30,3,1426,3,3,27,890,206,302,27,2337,773,972,890,27,1062,3,27,68,72,280,351,80,27,2714,27,372,5330,183,450,57,27,151,2591,372,657,459,55,114,134,291,319,243,27,1095,5967,587,11095,525,3,589,107,39,250,3,499,1152,302,250,62,21,27,482,439,199,1372,38,201,27,36,433,27,8,600,302,380,66,317,595,621,27,2212,139,755,660,27,27,3,42,NA,2212,3,1184,27,218,890,266,85,127,27,636,3,53,27,27,291,13592,889,673,145,136,27,27,27,921,890,282,27,1184,571,27,306,3,236,887,4459,400,27,282,916,65,411,27,5988,329,27,1881,393,384,2187,1989,371,27,3,98,2212,348,27,2212,27,803,2714,422,751,7509,36,21,758,1184,231,520,27,3,27,822,982,372,195,3752,63,263,3,356,441,27,3,80,850,2282,263,2714,796,2714,27,220,27,616,156,35,218,727,162,18801,27,441,356,27,362,27,6251,218,76,35,232,220,27,599,7712,378,515,2055,3,3,188,27,27,112,108,3,895,118,489,380,70,15,2734,441,134,652,508,525,2212,507,220,27,27,3,27,3,302,389,27,27,7712,27,70,27,3,921,237,2212,114,190,441,27,3,198,302,1090,3,38,400,3,3,58,44,525,38,241,27,52,349,3,38,600,774,89,5546,345,352,59,208,27,372,15,432,812,240,652,3,636,82,27,218,921,380,103,27,3,890,428,2371,3,108,841,441,38,195,89,233,863,3045,660,355,27,96,79,716,27,79,2005,3,263,428,236,2734,428,1184,27,27,168,460,7824,3,10582,2097,503,3,525,27,594,60,27,75,27,637,1545,27,27,1061,27,27,24,NA,1005,1184,199,3,135,6152,350,80,325,302,11037,859,225,3,3,110,1678,219,164,3,315,231,263,27,359,143,526,3,921,779,143,3,472,1359,131,333,441,407,302,56,337,267,850,79,302,3,3,157,10,362,407,27,324,297,27,921,27,233,587,441,8,218,96,731,233,3,921,219,3,686,700,291,3,156,10134,336,695,751,8194,763,380,480,3,27,112,616,50,27,260,3,3,27,11718,1442,27,2111,3,444,274,1051,3,16738,27,7,1184,752,3,1952,70,890,7359,294,59,1549,398,2734,179,12156,269,784,2212,4459,27,27,302,2830,396,242,27,27,576,264,1949,86,112,27,489,1549,921,850,27,1168,381,349,27,263,152,27,27,374,519,80,27,266,218,198,24239,216,27,587,1184,27,1004,27,311,161,13592,74,233,27,70,70,27,549,27,2244,2212,127,8573,48,27,27,220,248,12,27,189,291,921,27,27,236,3,27,86,950,99,116,302,144,306,302,92,411,27,93,306,358,27,814,3,27,175,5998,388,441,1,620,219,27,27,302,441,27,114,27,439,4735,356,665,101,1,1549,363,302,13295,587,27,429,27,2212,18801,525,218,751,803,27,6465,2714,616,552,163,120,921,27,100,27,3,96,70,1478,587,1900,27,608,728,27,3,806,27,1125,13592,4459,3,27,493,14224,3,3,27,27,233,54,1240,11770,10911,3,31,727,227,439,321,405,3,1078,257,27,957,3,1469,299,302,27,473,27,591,144,441,579,27,3,580,2714,169,3,37,70,3,3,27,3,1078,407,105,202,921,836,25,27,890,659,27,143,921,2212,345,32,27,27,1,1225,27,27,176,70,3,302,145,277,56,102,224,1766,145,3,263,40,63,240,821,270,1750,27,27,954,302,469,27,302,302,3,3,302,1184,27,13592,2212,547,3772,27,NA,253,218,230,264,27,125,27,41,291,27,441,12,27,1555,890,410,51,642,378,27,22,27,2714,890,3,13893,361,27,1642,711,600,13592,407,1184,27,13329,3,56,760,441,3,362,18082,887,27,755,149,191,388
27,631,27,758,367,407,202,612,27,446,152,315,2714,287,1013,1402,5841,250,1276,70,527,168,1184,2714,6609,274,27,310,585,27,921,3093,192,163,991,344,3,1278,27,193,236,757,921,27,733,202,NA,3,9269,27,28,127,27,921,145,755,27,4725,27,55,552,985,3,2714,278,96,3,112,1184,1184,288,957,3,228,242,70,388,771,27,460,27,313,306,6465,890,27,895,27,27,957,195,571,302,286,151,145,283,30,3,1184,13459,921,2714,218,27,6257,241,410,811,27,587,487,3,381,890,89,585,112,1368,27,27,507,302,1152,3,190,27,3,234,8496,27,1184,5998,1184,33,233,160,442,141,441,233,434,302,27,327,1,381,2714,3,27,138,70,27,27,3,12730,8,27,12865,236,3,583,542,302,226,3,2714,441,751,3,172,27,275,502,247,NA,3,3,441,16,466,1,27,195,27,3,921,27,27,922,628,302,27,27,890,9019,7712,27,218,2084,571,11863,295,3,110,1126,529,1065,823,742,119,153,946,220,1184,255,1082,80,10,361,38,263,27,781,3,302,64,946,57,144,441,27,27,626,660,441,2714,9031,302,240,525,27,963,13592,89,343,147,609,585,27,671,751,270,3,96,441,920,441,134,1093,218,27,3,29,957,682,618,27,27,96,1350,340,20669,27,441,921,218,2212,233,69,1663,218,126,3,437,27,1242,2846,41,890,284,27,15,75,1184,3,774,2714,302,12,11,680,480,3,276,70,3676,2883,27,28,37,1184,7,441,2734,3,302,13581,84,27,27,1039,1790,195,272,3,125,7712,153,265,99,38,649,383,719,15067,151,55,6465,199,27,608,943,13592,26,616,506,441,453,218,199,414,187,3,441,27,668,106,27,27,1802,876,68,3341,27,263,2734,1136,512,441,1053,660,461,16247,3,27,302,3,1143,1184,125,188,506,5546,27,27,450,341,818,27,335,14911,258,277,751,3197,2010,3,276,410,18,98,52,921,27,291,139,27,393,714,27,70,441,1881,3,27,41,6,2212,13592,302,3,114,460,518,27,890,1278,27,372,218,372,3,27,3,27,27,3,1184,3,3,274,27,27,6,297,220,218,3,553,337,24,218,145,27,27,8723,2714,3,2212,476,838,246,55,1927,302,3,782,27,672,531,27,381,168,27,218,905,118,9946,168,1184,27,37,27,302,132,199,70,230,751,27,218,NA,27,38,2734,96,221,207,1881,13592,2379,218,441,27,49,27,325,476,751,302,3,302,890,119,309,218,890,27,245,306,27,73,921,812,362,921,27,345,27,1087,1067,803,441,27,96,200,288,480,27,1087,3,27,13592,887,1989,27,13414,579,22,302,1168,302,13386,1269,300,306,246,201,744,27,38,187,890,27,NA,600,263,275,302,27,831,38,349,428,4459,218,818,3,612,173,146,13592,539,13592,2925,NA,207,27,98,331,585,921,714,812,533,890,21,445,27,921,302,548,12156,453,3,247,7967,302,3,207,128,1623,70,27,441,302,283,2212,636,307,2212,1555,7901,1095,348,302,62,27,156,441,27,441,27,414,887,272,27,559,587,3,450,890,73,108,921,1184,887,9,27,3,24,52,216,921,9,7969,441,922,218,162,70,194,302,522,27,302,10,27,487,822,27,27,351,240,27,743,1184,406,180,111,616,27,3,1184,274,3,441,218,27,5456,3269,78,214,27,223,1184,79,441,195,2785,1014,3,441,242,1062,27,1176,517,441,168,445,890,51,951,218,812,104,1005,27,27,3,302,697,236,27,13931,27,27,200,38,3,1184,14,3,236,13592,1065,216,275,38,27,3,114,27,468,38,1970,585,191,921,2212,743,2212,366,27,2108,27,604,121,756,25,997,2212,98,70,220,55,525,372,3,27,342,27,407,377,115,10,441,27,218,911,1184,3,525,5998,921,2714,198,27,79,131,27,109,27,3,219,27,7514,3,1045,136,228,3,218,890,3,4409,5,1184,829,47,1184,560,982,3,5998,3,1076,3,27,92,57,819,233,8771,561,441,211,720,600,381,91,27,3,1549,441,153,27,563,223,585,27,27,27,186,591,262,850,40,441,3,302,3,27,141,3,291,136,3,428,154,199,27,112,7514,9107,151,1184,1184,98,302,302,616,85,20,517,57,5227,86,165,3,227,5546,5220,1184,70,372,93,1560,27,302,302,436,27,11,18950,3,183,431,149,838,27,727,27,327,27,1420,585,27,2212,6831,544,344,1152,600,27,186,27,3,196,677,616,178,3,27,294,95,727,3,476,3,70,921,185,155,106,525,60,826,147,104,302,46,127,71,171,3,376,380,27,302,309,636,297,3,274,803,398,573,3,32,27,27,890,698,27,27,8496,366,620,13592,660,1067,319,1881,445,96,742,525,890,302,5,218,233,136,130,263,98,247,27,188,444,21323,10458,445,3,3,6609,302
27,11441,51,27,27,449,69,1184,88,3,10,277,233,27,803,636,272,179,833,440,155,180,188,31,27,440,5874,98,27,105,42,441,383,525,NA,407,956,9732,7712,168,201,1970,385,343,217,4,1244,193,1579,141,27,79,921,3,27,3,441,70,560,8,372,13592,218,27,1184,5330,27,850,151,1349,390,78,16600,205,3,302,1762,233,302,45,91,47,302,921,27,3,110,121,3,148,533,1043,441,890,27,27,27,441,3,578,55,19,525,27,79,634,27,890,950,2714,27,753,3,600,3,636,2714,27,4459,535,890,1184,151,956,27,319,1184,600,51,405,282,27,441,422,1527,475,178,236,773,27,145,278,136,727,1110,441,168,201,NA,98,6465,291,897,187,1184,43,3,112,27,807,428,282,3,13592,921,708,13592,29,13592,2714,151,727,27,957,3,302,302,9292,112,194,407,1083,1184,283,201,437,114,22876,407,220,27,441,1071,419,754,94,27,79,441,1184,52,2045,628,27,161,27,304,70,833,636,2212,27,111,3,27,873,64,1184,413,376,27,238,2212,21,145,291,1184,27,459,40,36,141,27,9399,27,921,27,70,272,6465,345,221,27,800,302,27,247,887,38,3,3,7407,586,751,145,302,102,NA,27,78,570,745,422,27,2209,13592,48,302,7967,171,921,239,70,27,302,890,27,188,1360,510,27,372,921,4192,439,261,20987,27,3,1383,27,890,219,27,600,7766,441,15692,2055,3,96,13833,21,303,251,1168,425,27,199,27,450,391,3,27,1184,204,27,12912,6892,102,15661,3,8,873,6892,407,3,145,652,27,2212,349,458,27,441,890,3,96,840,1194,1435,437,16,63,27,821,2714,27,119,3,912,809,46,27,218,156,1549,3,3,195,223,3,3,812,660,136,15661,173,8496,56,3,27,263,27,1970,6,1664,1655,27,27,266,898,3,3,2714,218,27,199,1184,7967,195,647,407,3,63,55,388,27,7967,27,27,2714,636,482,1491,27,3,372,1184,1549,27,826,70,503,9343,441,153,27,921,27,921,3,13346,3,12347,2714,3,717,250,27,248,525,18,3,3,3,31,413,3,3,13592,27,3,27,633,236,306,3,15661,441,4968,27,2212,1184,27,996,807,27,233,27,258,302,960,27,97,13383,458,27,398,256,302,79,8496,3,27,3,302,24,27,302,104,954,441,123,218,302,218,140,302,242,635,600,263,166,510,492,302,957,145,27,27,3,423,634,27,218,302,61,27,4765,93,190,3,1184,47,2883,27,27,306,441,751,302,20476,497,820,1042,2792,236,950,1495,3,239,657,1881,79,10,1216,441,27,3,751,2714,447,1343,302,27,70,70,3,656,1799,527,27,331,233,302,268,218,2212,2391,660,48,925,15547,3,70,339,3,1843,1789,4,159,27,112,80,28,3,441,27,3,655,3,389,104,2212,27,380,269,3,27,1073,3,27,27,403,262,300,3,921,26,13592,3,151,156,388,3,921,270,1060,804,233,3,195,503,1833,921,27,1549,8496,624,3,8971,1184,267,2212,218,850,322,2467,27,337,233,147,82,27,263,31,263,660,380,86,103,490,27,841,320,702,218,651,275,91,51,3,27,27,68,262,890,3,3,2313,3723,3,890,921,494,804,2212,333,272,1970,1184,2714,58,61,3695,291,158,218,191,11076,1090,13592,10038,27,73,27,542,1555,3,246,68,1981,70,3,27,186,22205,1446,365,2714,3,77,107,140,647,530,25,155,9732,921,347,1697,3,360,372,921,252,NA,1184,13592,16,1184,525,841,261,27,142,1184,3,1218,257,27,2212,291,4213,3,27,3,921,3,3,250,3,27,27,836,27,585,6465,705,636,1030,279,102,13592,1881,70,1145,1790,3,27,27,397,755,441,27,1116,231,2212,381,267,52,645,921,6,402,7653,7514,3,720,302,247,2714,82,20795,2212,3,126,263,425,3,195,1184,198,2212,472,600,123,351,284,1184,364,1278,660,812,3,42,16,252,302,2714,261,585,52,263,66,302,449,291,381,515,1549,890,1666,1184,55,410,27,3,27,70,27,21649,6,174,904,27,2714,9360,220,27,1089,27,388,27,27,2212,736,79,27,600,921,55,155,441,3,3,349,539,27,441,302,954,441,3,27,2883,3,841,13592,2734,27,145,3,27,27,40,441,921,192,850,355,79,142,302,27,476,3,4,1549,2212,27,1623,79,31,322,1993,2714,1042,27,13592,168,3,NA,13592,415,3,1071,302,27,38,3,636,206,217,27,3,1184,4,1118,196,62,900,585,2714,623,441,1339,13592,541,27,380,507,27,407,9269,5374,27,27,329,136,27,255,3,27,13592,123,27,1040,3,3,3,3,27,13,3,3,274,703,51,114,194,298,975,197,937,2511,290,1184,3068,5546,577,1209,302,27,156,90,3,732,236,889,980,887,13459,441,236,441,1486,615,27,218,27,2714,85,441,327,27,1184,3
1184,1237,362,894,5532,3,1549,24,9454,27,600,240,2714,483,27,234,1184,362,27,483,3,450,276,27,27,190,482,3,957,723,27,79,850,276,316,235,220,145,1559,70,16738,7489,3,3950,27,3341,27,132,412,902,1946,587,575,3,525,27,255,398,233,15661,263,41,1,108,1538,314,585,27,263,27,3,3,27,266,262,13592,641,349,8496,27,3,441,20,1184,3,114,27,803,1175,27,16514,1342,3,582,957,391,2010,1184,154,27,142,890,70,1108,3,15661,9914,847,1157,27,441,27,27,32,27,3,218,3016,1623,299,2714,394,963,445,3,178,1005,27,103,586,7,218,372,27,27,3,125,51,1184,13592,469,628,24,921,27,27,302,3,27,180,27,1184,233,890,3,1555,937,675,751,441,93,111,13592,233,1291,2714,588,966,13592,10641,5546,441,55,3,38,27,432,2212,3,52,3,170,49,27,528,2212,3,920,1139,910,27,1005,5998,254,372,441,522,27,27,123,507,27,887,302,1005,27,1077,252,388,3,27,1274,1643,206,785,781,13592,2,441,302,442,698,921,11910,3,3,218,70,1374,70,3,539,1184,826,616,27,3,302,16,152,27,2227,3,41,441,1095,3,478,770,7967,246,220,9321,27,1664,719,388,472,272,361,1184,539,156,921,27,890,407,1237,991,236,863,22346,649,341,10,27,728,1184,372,124,441,957,285,218,441,3,1184,441,812,27,12156,890,2212,34,233,957,755,302,5546,441,2734,5330,25,829,302,614,525,441,360,43,1184,734,1166,3,80,27,4170,1076,3,3,563,27,598,1060,304,957,15,239,15661,98,2714,104,27,166,521,3,2714,13592,27,441,1060,92,493,1014,53,27,3,563,35,751,3366,205,589,27,149,1067,27,986,302,199,997,128,27,1017,785,10889,5883,567,79,1509,1164,476,21,27,704,1184,372,27,6,105,381,183,589,462,441,2385,27,349,309,159,185,NA,398,467,188,635,358,2212,3,773,1076,3,3,3,218,3,232,27,1169,152,27,1724,3,96,8496,68,2212,13592,27,325,438,3,1252,5546,20285,2212,94,244,441,46,3,53,512,441,1117,27,127,5607,1981,211,125,793,585,1071,302,13459,3695,15067,79,27,3,218,944,519,563,190,1225,660,461,921,753,380,1485,27,27,2714,921,27,136,27,302,7967,727,441,487,439,1850,3,3,587,277,1398,518,27,758,669,10,80,51,445,372,27,25,362,884,20367,751,178,218,96,503,27,17453,441,201,622,27,616,40,35,110,1881,3,3,102,1255,3,1225,70,206,27,892,27,406,22717,700,2212,177,137,121,3,921,14869,482,8496,302,302,894,27,472,366,1184,156,27,1059,2714,1239,1782,492,189,27,302,27,269,145,43,441,3,164,429,124,199,632,398,27,119,218,1184,392,428,18,2212,388,1691,28,65,27,2010,430,240,27,6465,1225,540,84,742,457,284,813,247,3,27,636,707,302,587,84,272,803,818,960,921,27,227,544,239,268,27,890,751,1016,27,3,641,380,441,441,818,441,3,3,439,3,191,3,70,291,21,921,1005,890,12048,863,7403,48,3,2883,7842,861,755,890,80,2181,341,770,3,12651,15067,302,912,921,27,142,1184,600,2212,11,60,1184,27,845,1184,16537,218,460,181,27,3,383,328,27,221,186,218,24,957,1549,441,3,660,132,27,1,176,27,15661,955,240,27,3,911,2714,38,302,1955,4155,141,727,263,841,444,515,240,3,127,476,145,27,440,3,2734,188,890,40,16920,70,921,433,239,70,299,462,202,680,302,468,227,3,1184,27,3,263,3341,27,40,3,70,441,3,887,600,1211,33,850,4408,166,921,302,441,378,27,441,365,112,660,302,559,40,331,123,455,387,4578,131,236,1167,921,27,27,252,441,1393,444,13592,15661,263,208,1099,616,27,27,23,1281,441,381,2714,287,189,441,3,235,655,800,441,44,94,1076,338,688,35,85,482,27,2714,407,790,27,136,302,27,445,402,969,1826,27,240,441,108,260,1663,276,237,8,518,6,205,27,144,590,3,1981,70,488,345,1184,12471,218,532,1184,27,247,27,302,22,291,199,921,27,27,998,993,284,237,3,733,209,137,372,23,518,636,188,84,1823,348,8323,27,417,216,5246,890,1158,887,1184,70,NA,15,347,3,27,3,263,3,73,441,707,254,27,362,441,3,118,272,302,31,27,27,173,3,1010,13592,53,218,249,3,96,27,873,145,78,27,302,280,472,841,207,441,3,98,363,3,70,947,502,483,1184,1729,454,135,308,202,70,1519,247,1184,12651,822,27,1060,70,218,8,476,33,890,198,441,270,27,618,13592,169,921,11718,219,8496,306,556,27,220,302,27,29,450,1065,62,362,957,636,3,2212,633,27,3,27,1230,218,676,1184,85,188,1482,542,93,921,250,870,372,48,698,376,92,27,88,1184,121,119,102,441,470
15661,921,636,3,145,634,70,2714,1184,647,1184,720,1184,345,37,180,284,957,3,890,180,70,407,362,23,665,921,950,70,27,657,3,27,1507,1041,2212,147,3,2714,1298,NA,302,27,163,27,445,768,33,404,1184,222,887,3,1090,196,232,195,27,13924,27,63,272,1184,636,91,3320,825,3,508,467,738,27,150,129,1859,302,1184,247,2212,NA,1881,27,177,1597,149,16514,3,27,236,27,106,3,489,372,402,13592,3,587,600,302,20,890,3,672,94,291,441,27,1184,13,27,1184,1184,1579,792,3,441,218,70,1810,1078,372,9851,317,70,104,22,38,169,3,27,422,441,586,135,1281,96,657,890,3,291,2029,2212,1510,52,27,272,27,27,445,657,79,18469,27,212,2212,27,127,372,784,70,3559,1184,1184,2714,890,185,525,27,302,17,1725,3,3354,145,372,381,3,173,921,660,2620,44,27,175,141,921,1180,963,921,3,27,98,246,758,327,3,487,67,921,628,1184,24,315,3,449,783,218,79,70,27,2212,99,525,1071,27,1184,613,1184,919,845,16514,140,244,93,27,263,441,263,563,128,734,70,2077,3,701,27,27,52,199,9354,3,27,476,652,728,10506,108,2714,441,148,3,380,890,6859,263,27,665,96,1184,660,291,5,58,138,372,761,3,8971,302,3,192,27,770,2055,1881,441,982,376,27,3,3,233,572,292,841,198,388,220,997,113,27,1782,12008,441,302,27,336,3,799,395,70,233,63,1352,126,209,660,79,284,11681,734,441,890,347,137,321,27,3,611,80,55,27,10908,2714,13592,887,571,407,6892,3,79,696,104,1549,358,59,2610,27,27,417,879,53,2714,296,159,320,NA,269,1184,18801,27,291,1782,6680,646,441,1184,823,150,1184,140,NA,27,236,51,3,894,57,247,1184,215,455,365,921,27,171,2714,302,201,6274,349,NA,90,2141,302,230,140,362,302,381,27,2407,136,27,1184,751,1291,1444,2212,116,136,630,263,616,27,1184,3,1225,1184,3,3,616,169,220,963,329,468,616,591,3,1184,372,27,822,3,206,38,27,3,96,1184,135,1168,27,423,27,3,29,233,3,218,274,365,525,70,575,145,6,10381,83,3,583,1,286,219,2010,9,441,921,70,NA,1206,103,144,533,157,205,289,1143,6990,587,677,352,822,27,1184,678,348,87,587,3,1184,141,5546,441,372,302,3,555,803,51,108,1260,1241,92,27,291,380,172,13592,166,3,3,1,1184,130,414,628,1770,451,151,803,158,407,69,541,201,2774,467,845,280,27,27,441,206,372,476,27,24239,218,70,738,302,441,195,240,302,3,84,921,2714,3,381,407,20795,1,14089,148,441,27,9732,2450,345,27,374,596,621,3,687,1788,93,921,172,236,888,452,139,636,27,13592,2212,441,259,582,741,112,372,10223,458,3,1417,9732,428,533,48,27,131,1184,841,372,441,2714,957,2212,9732,69,20253,407,380,194,890,921,1184,1184,1466,3515,588,213,NA,954,350,600,829,441,5998,273,104,297,70,9553,220,1184,218,968,2734,362,921,1549,22788,652,441,274,27,1090,182,27,3,263,441,9,1001,27,70,19015,1881,946,362,3,38,873,441,96,1790,12651,441,27,2734,13592,921,27,27,957,27,584,6217,64,27,388,622,1168,1396,3,525,660,247,3,472,386,441,876,14,134,144,7967,1184,1054,441,27,435,27,738,921,587,27,441,27,476,3,838,3252,228,441,815,3,12913,13196,1078,993,1230,2043,27,9125,472,441,7967,2714,2714,587,921,2212,70,232,441,218,5,2212,294,1184,1232,441,6277,15669,27,3,590,21134,441,233,15082,441,301,302,1184,1513,3,475,215,362,441,890,365,27,381,757,921,247,3,79,616,770,27,1076,1161,1047,1005,27,27,70,64,587,329,2110,27,302,413,1445,1133,171,437,37,3,89,921,346,43,3,302,535,1184,16587,1007,797,242,1793,696,158,921,585,27,302,15067,901,1549,689,890,15455,291,70,27,388,1881,933,1059,333,242,1492,16294,4133,203,1184,12217,751,302,306,887,1184,773,9258,622,515,141,5975,476,NA,8291,27,3,91,1,27,25,442,27,299,21,12130,525,991,351,199,70,79,59,544,7712,921,36,27,1373,3,13592,585,439,471,250,573,587,44,1,372,522,27,27,49,27,125,585,291,1401,206,1214,180,70,695,441,441,251,218,544,195,457,994,263,8496,126,1549,758,407,475,233,3,921,162,441,290,5504,78,1078,1881,841,890,112,27,600,474,3,27,27,27,3,185,4,27,3,305,956,87,306,299,108,2212,167,1444,3,372,27,3,27,525,1015,70,862,445,27,6,820,742,27,3,27,772,27,2128,714,2212,890,27,762,921,4740,236,400,422,441,1184,1548,986,585,114,828,1184,20635,53,1904,555,3,441,1349,302,50,666,352,441,407,388,27,921,3,27,32,27,9535,3,13592,595,2714,381,148,5883
