27,9,27,27,3,27,27,3,27,51,3,27,119,27,27,3,27,27,27,70,27,155,70,27,27,209,45,79,27,27,27,3,27,27,3,3,3,4,22,3,3,27,27,27,27,27,27,27,30,3,41,14,27,3,27,30,27,14,27,27,98,27,27,27,27,27,99,3,26,27,27,3,3,27,27,27,3,3,27,27,27,27,27,27,27,24,27,51,14,27,26,27,12,27,27,3,27,27,29,70,3,31,27,10,3,4,27,51,45,27,10,98,3,27,3,27,26,27,218,30,7,31,10,27,27,8,6,21,27,27,10,19,6,17,70,27,27,60,27,59,25,70,27,3,27,27,27,27,27,20,26,3,3,27,3,41,27,5,27,3,27,37,63,27,127,27,27,35,17,3,27,11,3,41,27,3,27,69,27,27,27,27,3,27,3,38,27,15,79,27,23,84,3,58,20,27,27,114,20,27,27,48,38,65,3,3,3,27,27,3,27,27,27,27,27,27,52,3,3,3,3,38,220,27,26,43,27,3,9,27,27,3,6,27,27,27,27,38,14,27,64,191,54,10,3,79,3,27,20,3,3,62,10,70,3,70,27,20,27,27,27,27,16,3,3,3,123,23,19,153,3,3,85,27,27,3,12,27,27,27,67,3,3,3,27,3,3,70,27,27,27,27,27,3,27,27,27,27,27,25,20,10,3,17,218,27,27,27,3,27,27,3,91,40,27,27,27,27,27,27,27,27,27,3,10,27,27,70,3,27,79,70,27,70,27,3,3,27,80,3,27,27,3,27,68,70,3,27,3,27,3,3,52,27,40,40,27,3,13,27,14,27,27,27,9,3,3,27,3,3,31,11,14,27,27,20,3,27,3,27,35,10,27,27,27,3,27,27,9,3,14,27,27,27,12,27,3,3,12,3,27,3,3,27,3,27,3,3,70,27,27,3,27,31,27,27,3,27,10,165,20,27,16,70,27,27,25,27,27,27,27,27,3,27,27,3,40,27,27,27,18,38,15,27,22,40,27,27,3,27,3,27,27,82,27,20,27,291,3,27,41,27,27,27,27,27,27,27,44,3,10,48,41,27,27,73,27,27,27,10,27,3,27,27,10,3,27,27,3,27,27,38,27,98,3,4,27,27,44,27,27,12,51,70,27,3,15,27,3,27,104,3,3,27,27,3,27,38,3,4,27,3,3,16,27,90,3,27,27,3,27,27,27,96,5,27,3,10,92,3,22,27,3,52,158,3,27,27,27,27,141,51,3,27,27,27,27,127,6,9,10,129,34,24,4,43,27,27,27,10,27,3,3,27,27,27,27,27,12,27,41,3,27,13,27,27,10,219,3,27,27,24,3,85,27,3,24,27,3,27,3,27,27,3,27,3,3,38,4,70,21,70,70,38,3,14,27,14,27,20,195,30,27,3,27,26,27,81,66,3,27,10,27,27,3,79,27,27,27,59,3,27,37,3,21,27,27,14,3,3,27,27,27,39,3,3,27,27,27,3,3,27,105,21,40,30,27,38,3,27,27,27,27,27,21,12,3,27,27,27,27,27,27,70,27,27,27,27,3,3,93,27,14,27,158,27,27,27,3,56,70,27,3,156,22,3,27,27,3,3,27,20,27,27,70,100,27,27,31,27,27,98,3,80,94,16,27,3,27,24,10,27,27,27,27,27,3,27,27,3,3,79,27,3,27,27,9,40,27,9,27,3,10,3,27,14,27,27,27,3,27,51,7,27,47,27,27,27,3,3,147,27,27,10,27,3,27,27,27,5,14,27,3,38,124,27,14,27,10,3,27,27,27,13,27,27,20,27,163,27,27,51,3,125,27,27,43,27,3,20,27,14,10,27,15,10,27,8,3,17,3,27,22,27,3,3,27,3,21,27,53,22,8,27,3,50,27,3,27,27,27,70,3,27,70,24,27,8,41,27,27,119,27,3,3,27,27,128,27,27,27,3,27,3,27,41,27,27,3,27,27,27,3,27,27,50,51,3,27,27,18,60,3,218,27,27,27,41,27,27,27,4,27,6,27,27,12,3,24,37,3,70,31,20,27,27,48,3,70,27,3,27,27,27,20,27,27,57,27,151,185,3,27,38,14,38,3,52,23,27,27,96,48,27,27,27,35,27,3,27,27,27,3,37,3,27,27,153,3,27,66,3,27,10,26,13,27,21,3,3,27,88,3,3,27,14,53,25,27,27,3,38,27,27,3,27,13,27,3,27,3,123,68,27,27,11,27,27,27,53,3,3,163,10,27,27,27,3,79,27
72,12,38,27,27,40,27,27,10,112,27,10,56,35,101,231,80,27,58,27,41,27,43,27,65,27,27,27,27,27,199,27,96,38,3,27,266,27,164,27,33,70,27,27,27,27,191,27,78,27,137,144,174,27,27,27,27,70,27,27,70,27,3,27,27,27,27,48,41,125,16,27,27,27,27,31,79,70,10,27,27,70,59,41,233,218,3,173,27,27,27,34,27,27,145,117,27,27,19,117,27,3,51,38,27,14,104,27,97,158,27,3,53,27,160,267,78,83,39,27,27,291,27,40,77,27,198,27,41,146,89,43,27,108,27,27,70,27,70,27,27,27,70,57,27,27,27,76,50,27,148,27,87,145,41,40,27,147,27,79,76,27,23,71,27,151,27,154,27,58,27,86,27,181,38,110,27,163,218,27,104,101,27,127,79,98,27,25,70,27,157,75,99,98,27,27,189,301,274,302,27,152,172,27,89,101,27,166,14,27,27,27,27,70,27,70,27,43,70,98,27,27,236,27,101,27,70,27,3,27,20,218,3,67,70,27,27,218,111,162,79,441,27,4,23,27,70,27,27,12,3,27,27,27,3,137,27,70,169,302,179,55,105,51,27,151,27,27,144,27,27,27,277,183,70,393,50,41,27,27,27,75,57,3,18,70,160,35,52,166,127,132,27,78,218,27,155,48,27,27,40,27,27,27,199,3,27,199,163,38,27,38,96,20,127,27,278,41,27,244,27,208,27,27,27,27,55,79,112,87,73,27,6,13,145,27,27,27,27,6,46,98,158,135,27,27,27,27,27,3,9,27,27,48,96,27,3,27,142,27,27,128,27,242,27,145,26,59,188,27,383,136,79,27,27,27,27,27,27,27,68,27,27,27,136,63,27,38,39,141,43,27,27,27,218,27,38,27,27,194,27,302,59,50,65,27,27,32,27,372,70,172,3,70,27,10,27,3,39,27,27,33,41,3,27,3,27,27,216,98,86,6,3,70,65,27,27,27,27,27,27,27,46,125,270,27,102,136,40,242,27,27,27,27,145,119,98,7,3,43,46,27,27,27,27,51,27,27,27,88,6,156,32,27,27,98,27,10,27,27,120,3,27,201,212,125,35,54,71,27,302,127,302,27,27,14,27,125,27,16,272,27,218,27,27,27,27,302,445,3,27,71,89,27,3,27,27,70,27,12,22,206,27,27,51,27,178,27,195,85,27,27,27,302,27,20,28,27,53,27,27,34,3,64,27,27,130,42,179,70,70,65,70,27,218,27,27,128,27,8,27,70,27,70,27,272,172,38,27,141,46,233,124,112,195,27,27,3,80,95,236,117,98,58,260,47,108,233,27,27,3,145,27,67,27,57,27,132,79,27,27,302,27,113,70,28,57,27,108,59,27,96,70,27,59,38,43,27,27,36,35,11,27,7,27,27,28,27,149,27,27,27,27,27,198,27,51,287,37,27,38,22,3,3,199,27,23,37,14,27,31,27,27,27,70,27,27,27,145,27,27,80,27,27,226,38,27,143,27,27,46,263,27,27,27,27,27,27,27,100,27,27,27,27,27,3,27,48,27,121,27,27,3,27,31,27,27,27,38,70,79,176,27,27,70,27,27,75,27,27,51,27,27,186,29,27,27,27,27,22,106,3,27,27,27,83,27,372,27,25,27,27,27,27,3,108,27,27,27,3,39,198,3,27,284,104,27,27,27,70,33,108,27,422,27,154,27,27,218,27,27,40,27,39,156,70,27,27,27,70,38,27,43,172,27,27,27,272,79,3,3,34,3,27,33,112,27,27,208,71,155,130,44,27,41,218,49,27,3,27,302,27,38,30,30,5,70,117,7,27,73,27,27,112,80,27,91,27,171,27,27,27,49,9,27,70,62,96,36,70,119,27,27,10,80,27,27,187,27,27,27,35,43,141,27,27,27,195,27,48,27,3,27,192,27,27,3,27,78,27,48,27,27,205,46,22,27,72,41,27,145,40,70,27,27,70,58,27,27,55,269,247,27,27,27,27,27,42,27,47,437,112,114,439,263,27,10,37,57,27,27,3,27,27,70,96,27,27,53,29,41,27,27,27,27,70,27,27,70,27,38,27,27,27,70,27,38,13,41,37,27,70,27,163,27,387,94,41,136,3,40,27,27,125,27,27,3,27,108,27,27,3,112,27,27,20,196,27,117,27,27,27,31,27,27,148,71,65,92,114,27,27,27,27,9,70,27,148,96,380,10,156,27,27,155,218,163,27,233,27,145,43,70,16,362,112,3,91,48,27
271,39,31,118,27,27,51,218,218,101,151,161,27,60,156,27,27,145,80,142,198,27,79,184,27,3,218,155,27,27,27,38,27,79,27,27,125,129,27,98,3,173,27,145,488,82,124,27,441,27,41,38,144,38,73,27,218,247,27,73,27,159,70,205,27,35,27,27,218,70,27,136,109,27,60,121,98,79,27,202,165,27,77,247,156,245,382,27,244,236,27,272,193,27,27,27,76,130,107,188,182,3,27,365,146,29,61,70,22,121,63,128,27,128,125,27,145,70,302,180,214,70,362,27,34,27,70,31,218,59,27,27,218,119,157,166,291,3,302,751,27,27,302,27,525,27,205,27,128,113,27,197,223,350,27,27,147,27,41,302,70,233,3,291,130,218,98,141,587,441,27,147,27,48,27,33,313,27,294,27,40,302,27,361,65,302,188,395,30,3,199,220,27,196,653,27,690,27,85,31,27,102,87,188,73,27,27,30,27,301,96,68,441,218,220,441,27,70,27,27,27,27,27,102,407,178,27,41,263,38,195,27,246,65,27,43,27,27,27,136,218,27,161,27,87,94,39,184,27,302,70,547,233,108,27,27,237,27,233,100,164,32,38,27,27,103,236,188,218,27,218,362,188,122,302,125,200,34,436,107,27,128,167,71,127,27,80,106,195,42,128,222,233,236,38,372,27,27,27,95,70,140,38,27,27,441,27,70,218,59,263,202,27,70,291,87,314,250,86,27,302,70,27,40,27,136,263,585,180,92,27,70,96,27,27,27,244,244,27,27,65,110,247,36,27,27,88,38,291,70,98,78,261,27,177,157,27,27,410,107,155,70,51,32,27,93,27,104,27,145,263,27,95,38,27,27,20,27,70,195,123,27,382,22,126,27,27,27,287,27,38,114,27,70,70,27,194,58,266,70,146,129,33,242,194,78,27,242,180,136,116,321,45,515,98,38,27,27,365,96,27,191,263,79,373,27,256,27,27,317,198,50,48,27,96,108,27,177,27,389,27,188,49,33,27,200,134,251,188,210,257,27,98,98,27,80,106,27,449,27,66,80,14,145,27,141,27,233,236,45,363,70,162,156,79,142,27,27,123,41,79,27,51,141,27,145,145,372,27,70,37,118,235,257,146,27,49,29,188,302,27,158,299,123,755,180,62,48,16,64,27,194,27,46,177,145,307,60,660,27,27,29,70,104,77,236,102,27,59,372,127,27,27,47,38,27,263,231,27,94,33,27,70,3,441,27,330,3,161,153,96,30,27,27,219,70,27,27,27,112,27,31,169,27,27,32,218,223,27,27,219,27,43,112,156,166,155,112,27,27,284,40,52,150,40,27,280,27,27,27,407,27,301,27,93,69,27,240,93,70,27,203,257,250,27,27,218,27,38,85,216,27,302,359,117,27,27,263,702,145,96,36,27,263,52,27,220,27,127,200,218,145,70,27,67,80,27,359,208,260,127,27,27,27,84,145,306,27,249,27,97,247,162,38,93,84,27,133,3,27,153,55,362,27,240,27,28,48,112,27,27,199,27,27,27,108,27,27,372,92,27,27,27,195,30,184,121,243,302,263,36,36,110,27,27,27,27,99,104,27,27,302,27,27,70,293,388,70,195,27,27,27,302,19,217,184,302,27,99,36,660,27,29,27,218,29,27,27,108,101,365,34,27,422,141,27,38,80,78,237,27,275,59,102,441,27,72,27,118,310,86,169,267,27,28,62,51,302,70,57,27,3,537,291,441,27,27,160,70,138,98,27,27,27,27,33,122,41,302,291,98,187,27,326,174,27,27,164,120,155,65,85,53,70,283,362,27,27,52,27,381,233,103,195,302,302,51,70,218,99,27,27,55,372,106,302,27,195,182,27,48,10,136,163,27,417,457,27,221,108,27,27,89,70,27,40,283,240,38,27,70,105,133,362,27,50,27,27,27,136,27,231,70,620,95,216,62,145,27,280,27,27,27,27,302,112,27,44,362,27,365,56,239,27,220,35,485,27,140,70,144,407,104,27,38,27,39,27,41,398,79,27,63,233,293,27,27,3,91,96,181,96,96,124,128,115,51,27,136,86,314,27,27,127,115,27,27,27,27,497,133,121,386,27,27,70,70,269,27,22,218,104,27,69,218,141,27,102,202,289,121,23,162,27,356,202,365,29,22,27,42,38,27,27,302,27,473,27,27,218,27,140,27,70,542,42,27,155,27,63,127,107,31,3,62,27,125,35,218,27,18,141,27,136,291,27,74,3,70,27,3,27,103,57,169,295,27,300,69,233
27,496,27,140,441,242,472,242,41,131,218,136,58,243,194,39,35,27,407,85,218,43,27,27,218,147,27,138,29,302,34,28,162,27,54,83,407,274,135,233,195,291,138,191,218,115,441,441,27,98,81,127,169,145,218,298,27,265,27,173,81,64,125,103,489,233,361,27,381,233,291,27,652,388,30,890,445,233,156,141,307,27,201,27,27,96,102,218,380,376,381,251,147,263,93,27,185,40,441,27,27,46,59,218,70,175,303,27,218,198,27,27,304,141,199,316,27,44,441,79,156,79,384,437,302,27,463,233,27,225,353,27,51,27,218,27,136,27,27,27,27,27,107,302,441,269,204,186,145,644,264,27,451,156,218,114,302,37,441,277,44,51,93,112,27,96,112,127,367,398,27,52,302,27,27,91,441,271,140,132,311,803,98,337,27,278,52,302,70,398,27,291,98,297,79,263,238,27,349,27,27,218,96,70,70,135,3,27,51,407,562,136,27,166,242,189,27,393,218,224,381,171,302,235,27,236,240,27,218,492,217,218,91,27,195,31,57,206,291,267,235,27,27,441,218,34,309,27,365,27,174,218,302,126,218,263,79,98,70,160,138,156,356,758,152,218,148,274,125,87,231,27,220,136,951,204,214,218,218,70,83,125,27,41,38,291,202,27,126,169,270,141,74,27,84,27,302,206,27,218,396,90,232,59,77,242,254,302,362,309,70,27,27,27,10,27,246,5,231,27,124,27,446,27,44,263,141,525,632,362,27,70,302,150,219,288,352,302,218,250,42,302,300,121,27,27,544,38,361,136,27,71,218,27,539,218,104,291,247,302,232,27,213,20,27,27,219,145,242,112,267,246,40,263,140,106,197,263,242,302,108,267,372,291,27,188,130,70,27,220,70,515,194,63,218,27,72,218,236,27,153,224,27,60,496,70,195,27,55,465,112,132,218,125,201,156,441,88,102,388,246,27,116,95,180,27,210,49,27,218,129,127,27,168,236,586,27,365,441,27,98,218,498,102,187,198,139,79,269,79,92,332,316,79,185,199,70,74,441,381,27,27,41,86,96,302,201,27,70,134,136,155,459,239,439,27,27,105,27,218,70,110,27,98,168,408,27,302,88,93,218,145,216,83,437,430,210,47,110,246,246,70,163,223,632,291,441,247,93,111,183,107,220,274,27,302,40,203,302,217,70,27,218,276,396,27,151,430,218,98,27,228,272,99,198,284,27,188,196,54,250,153,27,302,67,480,199,73,27,441,41,70,120,246,27,125,29,27,27,129,27,398,227,302,27,163,44,137,274,369,218,170,271,178,27,263,218,27,218,27,306,214,27,27,38,277,218,27,542,250,27,99,27,27,122,245,67,890,189,220,94,141,130,153,407,27,27,27,27,166,302,27,442,291,84,141,356,27,225,53,27,218,27,88,48,199,370,269,27,441,70,362,302,27,381,79,27,65,240,112,27,70,91,11,242,216,85,27,946,584,125,219,106,236,27,27,27,27,320,145,27,110,269,220,1184,151,302,207,186,27,56,880,346,112,585,145,388,377,195,144,209,585,266,27,27,27,79,213,89,82,27,27,27,173,738,146,27,220,53,252,70,112,217,624,355,38,32,171,330,407,350,245,206,302,365,302,263,346,38,480,302,27,236,125,70,233,191,81,329,30,218,27,137,403,15,52,218,302,145,462,27,112,143,189,27,96,93,441,263,158,302,218,247,302,27,248,82,98,27,256,302,199,27,27,222,145,579,27,316,68,644,27,51,306,309,27,55,27,53,361,82,98,984,182,27,195,302,218,27,55,27,268,383,27,27,890,195,372,27,372,70,120,79,236,27,706,302,392,37,302,27,27,27,64,125,218,70,80,112,27,188,90,275,243,27,179,441,302,27,168,302,218,302,27,218,27,52,263,27,63,218,27,166,27,27,72,27,291,202,219,611,27,79,27,27,43,86,105,143,441,218,27,118,124,232,302,86,218,27,233,188,129,246,202,27,95,369,27,70,191,263,291,459,70,98,201,27,70,86,27,277,70,59,70,27,519,218,41,302,70,372,125,229,89,71,27,27,144,101,218,27,218,302,215,104,27,27,38,210,40,234,80,96,441,27,79,82,231,27,127,128,27,381,156,318,240,27,302,412,27,188,152,185,27,302,27,27,101,27,136,153,435,27,27,27,284,136,144,445,151,27,98,136,96,407,151,349,178,247,218,27,462,79,27,728,125,233,302,263,441,27,239,348,280,98,161,79,302,284,78,279,91,209,302,291,98,27,27,55,98
27,304,407,229,191,126,441,59,376,233,164,156,636,600,514,392,250,218,27,65,177,227,27,27,352,199,284,441,27,57,407,168,74,27,125,40,3,96,27,585,27,147,306,27,921,218,27,79,476,54,189,123,69,121,237,218,222,73,441,53,220,302,257,441,519,208,125,70,236,202,406,1225,109,27,521,470,27,111,198,295,271,110,132,574,431,372,890,441,141,37,203,27,302,88,104,302,870,727,465,302,64,257,174,240,27,141,218,170,63,393,96,151,334,157,93,87,70,64,240,247,233,27,183,82,107,644,70,39,362,96,450,80,444,81,302,38,408,137,235,141,152,135,330,299,167,218,452,98,362,168,233,43,525,328,441,96,292,208,210,441,70,169,350,180,760,145,27,455,398,220,276,27,372,104,27,35,70,212,285,70,159,46,233,186,167,80,1078,27,218,600,27,70,151,587,367,301,252,134,302,30,27,263,27,291,109,336,71,302,125,689,56,162,441,27,414,27,397,437,27,328,756,1059,176,441,288,863,233,136,530,219,52,261,38,30,460,199,387,80,136,302,48,88,67,70,115,852,188,365,681,198,27,302,233,414,219,27,287,362,460,263,336,218,302,35,146,50,302,27,84,201,929,125,27,247,75,616,582,27,383,291,27,125,272,141,3,587,27,291,107,302,220,123,136,27,224,253,70,284,253,195,302,120,27,55,921,138,27,53,27,302,210,27,441,113,199,704,77,372,27,186,600,233,233,218,27,218,272,70,35,347,407,263,730,163,380,397,70,79,51,52,226,183,693,27,284,27,75,302,441,253,400,422,296,302,302,233,1184,295,387,341,1184,489,98,483,64,291,203,306,247,144,279,189,136,79,218,174,27,339,220,220,600,14,234,302,305,441,27,27,232,445,27,136,259,27,73,121,125,233,249,27,356,218,70,179,242,289,161,407,27,302,361,27,646,376,123,518,441,27,441,218,120,463,211,80,207,636,111,921,189,286,306,215,242,244,441,321,1097,143,59,258,96,595,302,99,250,139,170,890,178,272,924,144,104,206,445,363,278,600,27,51,220,59,66,304,240,68,159,70,242,131,218,302,755,291,168,516,439,64,325,79,70,600,302,70,27,27,212,585,358,450,140,372,416,1171,693,358,40,163,464,230,218,402,112,158,441,103,422,206,380,196,361,151,213,27,27,220,27,372,213,798,543,218,441,27,98,921,970,166,116,441,616,368,276,155,218,272,173,48,288,27,547,441,419,218,407,525,27,41,166,291,628,58,302,263,347,441,539,233,848,263,109,218,890,191,623,98,476,407,22,604,302,162,127,195,198,206,252,441,48,381,245,223,217,27,136,223,78,27,112,236,145,263,218,236,52,206,195,27,218,302,238,249,195,27,53,137,27,198,349,136,139,104,441,68,38,125,188,352,92,128,187,208,449,28,441,202,188,369,747,262,3,343,27,660,234,262,43,241,448,1327,254,112,48,308,27,753,214,302,79,55,83,161,658,112,297,27,587,180,206,70,141,201,27,27,27,104,73,209,27,441,285,286,272,302,27,362,441,195,362,476,79,285,159,218,164,151,27,263,302,294,349,505,202,302,510,474,441,218,73,567,27,27,27,167,377,441,27,35,27,284,173,27,422,48,301,27,210,616,304,27,533,372,262,773,94,191,127,636,70,393,27,136,169,803,620,157,136,542,525,218,247,27,27,921,853,27,233,70,559,890,218,27,200,243,302,141,115,198,173,165,302,334,380,67,122,544,175,145,40,79,27,74,263,407,27,311,247,441,27,153,560,116,169,233,218,337,263,302,302,79,308,514,70,233,85,119,407,70,372,302,245,441,616,34,302,195,302,141,253,423,27,302,841,247,302,156,27,429,38,111,27,351,198,180,70,279,172,219,49,51,110,225,27,27,185,302,302,365,70,195,417,418,303,98,348,822,108,378,57,27,102,165,190,70,27,79,393,247,751,109,388,236,141,434,27,172,587,262,137,189,130,302,218,27,302,27,27,408,70,27,218,141,296,407,270,112,135,50,261,441,441,159,128,156,162,376,54,79,263,603,138,570,553,302,215,247,91,175,129,128,104,27,125,78,169,225,191,890,178,144,27,301,315,70,833,202,365,27,188,291,262,511,272,27,86,312,44,149,96,207,235,199,148,195,281,30,417,660,441,144,95,27,390,27,218,27,218,27,960,571,27,98,141,69,631,140,204,448,156,151,142,145,284,400,372,803,250,157,88,366,27,77,263,220,27,274,153,373,79,223,554,137,85,27,144,27,372,165,187,377
220,441,48,533,284,27,441,182,174,395,299,407,145,739,439,285,470,27,302,145,313,543,195,244,493,306,41,302,112,27,409,27,1065,274,458,330,142,444,372,354,48,27,302,287,141,441,70,362,415,96,302,636,27,233,822,256,751,1049,921,277,557,27,1848,302,274,147,136,52,284,231,43,93,372,145,643,489,525,441,302,362,302,96,235,598,700,407,145,675,291,250,362,247,161,445,263,441,168,407,356,193,70,128,272,27,80,27,27,291,362,220,27,75,70,441,284,27,218,27,600,496,218,441,484,180,320,197,263,27,465,600,233,398,268,595,27,533,27,27,525,302,246,407,302,407,141,307,218,27,302,98,441,112,568,92,476,79,198,600,577,40,276,441,494,352,302,302,90,199,27,136,235,539,441,302,441,291,600,96,289,302,246,652,89,218,302,146,104,660,490,63,70,218,217,1078,218,441,803,27,208,186,110,151,27,380,27,381,232,198,555,125,27,199,183,27,376,27,27,812,169,921,54,862,616,302,1458,151,586,722,585,441,156,208,87,274,372,233,247,496,362,955,87,487,238,232,108,128,188,335,294,218,318,533,498,380,208,59,218,417,185,306,578,291,530,64,27,220,388,180,35,391,568,72,194,27,302,516,641,441,141,114,298,302,27,346,502,31,232,218,207,460,404,280,85,27,410,93,350,638,233,284,236,395,302,95,218,218,441,683,362,121,957,218,302,355,245,350,136,1764,84,233,284,235,286,27,233,430,751,407,467,136,218,477,218,70,575,272,369,441,278,233,27,304,236,313,306,263,1292,302,179,247,272,333,314,445,224,141,98,507,525,76,362,274,302,455,302,51,620,27,218,356,220,364,244,302,221,195,218,302,263,145,834,112,464,698,27,417,302,70,76,441,184,798,306,302,199,394,254,886,460,593,263,636,218,302,674,801,284,70,196,123,218,218,417,125,144,280,125,441,96,727,86,407,263,781,441,153,274,407,572,27,407,236,45,1184,70,596,419,104,1117,444,291,263,816,505,876,116,203,441,407,70,257,963,58,45,263,396,742,27,80,41,96,244,74,441,528,294,381,472,574,340,205,587,195,525,500,388,68,263,141,291,218,762,351,488,131,141,291,514,233,696,382,102,235,439,465,105,201,98,80,921,887,27,208,302,252,289,431,888,888,89,211,70,201,758,1577,372,218,362,232,369,239,27,636,558,155,1047,89,110,27,636,921,392,260,291,27,223,263,127,285,180,329,441,27,379,302,38,101,377,201,260,377,362,145,218,346,1103,34,27,196,660,177,762,195,302,27,145,220,404,623,746,308,450,369,226,408,247,127,585,43,386,237,520,365,649,288,233,812,70,890,302,336,91,390,168,287,198,636,139,27,791,188,125,372,361,27,340,444,263,427,205,441,722,573,318,446,27,199,365,70,525,27,257,233,1420,70,441,444,532,135,258,921,70,199,302,957,204,188,113,191,636,93,233,435,407,280,291,220,93,111,180,600,220,112,60,70,27,218,233,275,86,890,327,27,302,70,921,51,608,255,381,141,59,302,168,112,302,211,302,921,27,747,636,302,347,186,145,27,195,102,1280,152,127,600,235,471,59,367,27,380,180,890,441,560,81,302,27,27,268,665,263,27,657,890,407,272,70,624,215,220,41,380,27,239,325,291,205,70,374,302,460,240,90,365,587,218,957,291,356,215,126,347,389,679,128,866,27,291,80,1066,599,212,242,372,376,27,263,187,220,441,484,200,31,376,205,27,660,804,441,434,218,81,349,263,348,27,27,363,1021,70,402,79,302,302,524,441,66,487,302,291,264,410,293,563,248,441,27,27,362,302,220,246,362,291,543,953,259,135,372,482,845,111,407,128,27,600,137,158,304,98,302,154,444,206,119,824,368,218,176,347,1008,137,302,472,206,461,193,27,27,666,407,289,43,179,116,273,642,399,198,717,819,441,122,407,218,70,984,27,217,381,921,304,793,102,407,80,372,141,694,243,171,291,339,437,242,166,412,291,921,948,80,490,78,278,657,459,577,131,27,751,199,280,525,302,28,123,236,565,156,128,284,22,302,85,890,441,27,302,250,125,70,186,148,98,435,549,218,441,98,112,225,302,362,802,188,138,284,441,302,56,70,751,130,380,302,202,70,549,38,423,539,225,890,269,223,138,27,449,195,51,140,600,202,660,445,291,218,544,27,27,267,1184,42,521,458,243,29,218,479,27,218,634,27,114,415,104,352,921,137,27,621,220,27,27,376,223,59,27,145,132,1138,465,525,38,161,282,27,476,175,27,163
701,953,210,70,544,291,624,218,291,780,393,388,218,38,272,88,623,433,302,141,190,200,195,302,169,302,140,145,235,289,50,1019,218,1104,131,220,218,302,70,380,263,190,27,441,407,441,645,380,441,890,332,188,187,96,867,181,921,134,890,112,195,185,407,494,319,144,302,367,55,803,349,218,546,125,220,921,457,333,302,632,246,1184,646,163,263,291,362,638,451,136,27,380,441,545,291,838,133,405,272,372,30,381,1128,619,155,788,820,785,758,464,627,27,407,601,240,320,271,301,399,521,218,191,350,1643,302,247,139,302,240,219,587,921,290,125,186,587,249,198,218,168,70,27,600,407,375,218,387,27,890,304,188,751,194,441,372,441,413,365,160,757,173,445,372,387,350,263,460,40,533,708,727,291,312,450,365,667,445,266,634,27,174,840,180,228,441,302,291,158,111,48,27,479,1184,659,343,163,812,247,582,152,600,220,444,284,150,396,263,66,292,27,302,302,807,1168,302,921,372,183,583,1184,921,284,441,507,985,616,160,235,373,717,218,409,248,612,391,111,754,849,372,475,403,270,381,612,838,95,174,362,603,273,321,441,38,218,31,298,385,27,60,259,525,302,218,453,441,95,291,135,372,525,441,619,598,362,441,762,199,488,302,427,372,472,1464,232,302,410,27,441,441,218,302,232,660,609,372,264,728,125,195,636,589,237,177,388,310,592,537,60,197,218,446,173,218,302,272,27,372,27,666,145,965,480,197,291,441,423,437,290,136,621,96,302,350,212,396,523,98,79,302,284,243,441,27,137,258,27,636,79,1184,27,451,423,179,199,741,139,169,119,250,364,232,540,328,583,187,302,218,365,284,611,218,27,587,97,441,574,233,169,131,274,53,151,248,66,1325,259,441,63,649,548,207,242,441,120,188,349,126,441,338,36,711,706,337,433,706,1251,135,365,476,58,280,302,441,302,122,218,444,199,441,135,320,282,476,365,514,311,890,553,422,302,441,83,362,359,85,142,305,199,70,233,291,70,302,441,844,220,233,698,192,519,341,180,441,1451,218,660,563,32,903,90,71,259,349,441,51,218,302,441,266,279,600,372,441,233,317,156,218,145,99,294,148,820,302,107,305,267,472,220,597,272,1071,47,198,70,259,194,921,921,98,520,600,494,66,91,189,585,563,441,91,50,212,218,536,402,372,403,741,302,441,250,101,404,381,291,525,1006,544,302,328,27,247,362,70,302,169,270,890,444,282,539,27,195,388,218,302,921,362,350,254,261,441,616,67,562,27,27,215,302,112,1184,375,302,372,788,284,124,233,391,188,302,372,921,136,38,309,543,104,166,312,226,652,545,381,379,162,921,441,252,561,369,441,263,302,549,372,1184,430,648,184,476,302,327,441,302,220,101,357,1184,423,542,521,250,98,88,330,441,1184,270,45,48,441,275,40,1043,112,263,339,407,890,302,486,27,70,174,555,78,51,31,441,216,758,442,291,856,441,247,27,104,441,1184,302,82,182,302,600,243,52,124,525,727,893,264,293,302,145,330,202,119,242,525,587,393,302,198,445,27,122,272,227,441,644,328,494,372,476,239,362,883,356,407,587,247,199,636,921,523,200,424,890,274,190,874,240,532,32,207,488,537,890,164,954,218,291,136,302,482,91,465,75,391,302,441,217,921,274,381,441,295,376,441,487,27,178,218,372,237,441,190,441,1184,890,85,73,396,417,620,64,218,496,441,525,622,302,136,143,27,429,645,405,252,96,441,291,302,890,164,79,472,274,220,278,233,151,1897,234,247,183,337,1282,1650,372,106,454,621,48,751,460,441,441,302,157,441,294,885,489,38,1229,579,441,270,218,552,50,75,231,247,585,73,341,70,195,218,651,174,27,600,401,290,312,81,136,302,191,361,444,529,219,460,218,407,42,158,444,218,102,187,218,224,444,257,751,414,38,717,62,97,59,362,660,300,44,662,380,985,394,922,587,341,141,242,304,302,233,441,323,72,1005,381,568,224,407,821,264,1655,480,649,441,1336,441,743,27,421,218,921,65,1039,27,263,890,360,82,100,660,888,162,27,27,407,198,303,27,320,598,589,441,87,587,412,659,234,372,284,326,79,548,144,270,156,441,456,119,112,302,70,131,464,70,537,206,126,218,887,1982,365,498,890,734,801,337,201,218,441,350,218,195,553,407,441,585,774,204,652,137,233,307,392,398,441,541,302,362,372,963,57,441,422,719,27,1184,921,525,302,218,125,397,861,660,441,427,636,40,525,398,59,218,872,378,1060,43,208,321,255,218,302,169,950,372,491,53,155
491,639,302,532,362,494,27,362,206,812,135,594,42,441,263,195,1143,53,220,618,1184,483,525,302,302,306,303,218,240,197,585,850,496,921,48,266,236,441,326,291,214,191,302,98,670,199,1184,329,841,145,236,134,510,248,68,637,302,587,661,72,589,441,189,259,84,921,407,760,263,441,921,428,547,549,383,259,306,441,382,441,152,302,241,289,263,247,887,258,137,441,72,266,652,302,160,803,803,697,1022,302,247,272,302,109,441,675,218,912,160,441,480,537,1076,263,476,96,362,302,321,407,52,1184,441,263,349,308,27,388,270,544,2010,279,240,841,233,925,921,304,219,284,302,305,657,957,240,291,321,302,409,59,309,890,302,917,199,857,388,412,1026,302,478,358,335,219,460,27,441,585,841,887,142,242,890,210,441,793,493,398,350,673,921,217,441,291,1101,159,218,218,881,394,579,100,272,1184,171,608,841,242,503,207,301,441,468,525,199,220,475,79,218,198,247,662,806,657,175,242,372,587,585,98,204,302,262,459,1666,727,441,218,1061,43,365,560,166,1184,441,302,479,518,278,246,381,223,277,600,563,326,634,1184,441,365,236,262,428,363,1174,660,890,284,230,614,291,240,184,137,361,509,777,302,400,441,890,137,192,565,237,890,275,1310,393,247,746,218,291,211,206,389,139,27,918,302,957,302,600,291,373,108,539,272,757,161,218,381,449,1184,320,448,441,27,826,218,78,600,619,218,349,494,306,890,508,1031,697,101,957,284,218,388,407,302,78,218,349,441,1859,762,83,245,110,392,242,636,236,372,242,1150,558,233,751,921,713,425,569,801,769,218,27,441,983,112,418,27,405,587,150,471,346,921,890,189,762,782,969,803,890,583,233,27,407,381,403,441,810,365,833,302,123,218,27,263,811,270,734,149,183,253,373,445,225,879,890,202,496,190,63,302,71,244,365,951,1177,890,27,375,448,306,474,211,145,274,320,322,302,1010,361,218,890,441,887,218,730,362,203,218,737,441,333,1657,166,172,566,376,838,263,321,79,921,320,567,253,237,290,441,124,362,272,344,1225,70,98,242,1366,302,302,444,688,921,441,441,652,302,233,96,302,444,1665,898,441,688,27,445,582,302,368,394,348,593,247,317,381,27,578,70,302,310,27,336,317,51,921,1009,70,386,356,512,27,218,285,159,510,660,441,27,441,800,380,439,539,665,324,584,302,232,141,242,203,850,302,600,650,659,162,368,291,236,434,151,353,782,217,990,803,302,302,279,841,187,890,921,414,441,890,1053,92,302,206,218,286,694,525,616,746,751,326,593,475,1065,247,198,121,213,441,372,148,1039,635,1078,362,372,585,1326,636,449,921,198,104,233,302,1184,551,84,652,219,504,668,302,407,441,441,265,427,955,441,270,291,269,1881,2006,755,441,478,64,591,188,415,248,706,496,544,242,27,688,302,655,616,780,130,27,188,853,218,921,306,545,773,542,401,289,218,365,840,257,273,587,441,421,27,616,883,407,809,890,441,206,756,412,535,841,470,1109,1564,593,441,698,262,669,560,1009,407,108,302,1200,441,198,636,47,70,619,302,151,335,657,636,333,299,582,585,815,27,476,1581,206,403,489,419,616,441,169,517,337,197,441,247,1106,302,407,27,190,340,441,683,412,660,441,963,302,189,441,727,393,372,775,347,459,218,1186,660,218,441,1134,127,152,215,291,409,388,214,417,422,306,27,441,878,372,104,302,94,1026,144,40,53,70,318,921,302,448,315,256,828,284,372,80,647,30,1181,373,74,224,842,218,410,218,269,216,135,445,460,841,455,710,417,286,441,884,954,380,296,829,480,141,585,585,291,360,358,543,242,263,167,146,142,751,518,353,62,43,426,198,190,755,136,151,145,254,239,633,1121,1184,272,560,441,317,324,661,27,441,167,890,756,531,378,636,921,880,841,636,289,319,188,396,404,660,576,451,484,692,441,441,322,27,240,765,600,440,476,114,306,844,296,476,168,220,201,153,287,589,559,1184,306,237,302,115,890,441,884,208,230,98,393,533,137,301,921,441,921,421,309,263,485,381,349,305,641,475,198,148,304,139,441,434,38,335,407,441,1071,957,1336,218,476,803,581,321,845,1168,245,218,480,232,302,415,525,263,376,197,148,1459,27,199,441,186,582,652,1184,40,1398,520,622,1004,27,415,170,1060,302,250,302,242,508,233,426,223,533,181,141,747,194,236,186,194,141,195,27,360,151,518,302,345,441,27,302,441,380,233,191,201,91,27,331,38,218,571,537,636,302,141,441,360,98,921,306,443,233,549,371,216,650,803,306,257,85,327,145,268
523,525,306,479,587,441,636,60,407,263,364,890,1184,358,544,361,302,1060,2159,1623,484,641,424,890,525,1657,235,921,400,764,812,921,551,302,694,380,622,260,212,455,302,302,362,441,921,511,220,463,380,736,174,286,82,302,588,568,186,129,441,921,124,220,231,1014,253,220,890,1184,27,372,292,300,493,325,207,218,122,85,595,544,243,890,587,292,179,141,957,410,188,235,643,660,282,242,458,921,117,263,411,199,600,922,118,525,194,668,27,566,144,399,441,302,600,1073,218,421,460,921,124,287,407,441,1118,284,441,344,170,285,441,720,939,1065,422,596,445,302,468,615,383,413,177,890,325,614,537,887,156,618,1084,407,218,841,27,328,302,516,921,210,1076,253,143,284,291,302,1184,890,441,1196,914,619,755,247,580,450,856,302,291,136,585,199,441,951,921,1076,759,325,441,441,254,333,660,382,188,1440,441,394,682,701,727,841,476,441,884,388,525,709,64,166,1444,372,218,890,302,1251,441,921,272,233,585,186,601,716,302,755,622,91,558,325,841,615,842,92,241,699,441,306,454,59,1093,240,117,467,725,145,1396,439,302,155,302,302,1275,459,733,250,595,434,851,860,421,218,430,1475,381,361,841,531,405,302,880,218,441,923,218,890,27,289,302,272,624,105,513,441,27,1015,862,600,46,277,570,236,622,689,650,698,876,921,587,441,954,262,407,197,223,542,448,890,277,406,887,218,890,437,101,445,425,510,649,890,302,702,27,595,233,329,426,125,138,138,1345,441,1058,751,579,493,276,407,1066,40,731,446,407,702,378,655,309,426,595,302,587,850,206,803,209,302,597,70,1623,417,156,604,334,563,709,460,1184,503,302,634,230,169,587,356,423,27,438,263,921,297,441,600,274,312,53,431,27,441,634,719,553,263,912,573,495,296,233,1157,362,441,412,975,30,514,317,480,586,387,660,339,627,454,393,242,1556,589,529,1726,441,472,660,289,438,441,338,427,101,571,1025,441,758,218,652,270,441,350,585,381,243,959,92,272,423,107,706,388,482,890,1078,362,482,450,441,921,192,465,554,231,382,879,772,1071,755,234,887,155,182,1034,302,1184,356,581,291,855,533,208,121,349,1407,535,388,480,218,247,153,260,302,247,1204,362,427,27,602,362,400,393,2010,1065,233,422,283,1184,655,227,921,362,636,441,476,525,440,398,1171,1241,441,602,1184,284,382,514,218,441,1113,302,613,291,38,1184,302,291,806,230,263,244,600,542,1184,289,407,315,1184,921,407,138,52,380,85,94,705,242,381,480,364,148,441,427,2055,1006,302,302,890,113,573,331,378,1349,27,362,684,544,812,1006,233,302,432,71,636,204,293,441,425,441,457,173,441,89,272,249,380,372,890,441,248,541,1349,1184,1565,247,441,466,922,616,356,302,302,1184,753,842,450,799,1368,493,180,250,381,79,921,602,362,441,407,762,520,1033,921,1060,295,424,1347,848,362,447,252,618,141,1022,1070,247,1204,154,302,890,372,146,441,663,188,540,257,309,433,441,218,141,1080,425,444,1184,27,1054,145,166,349,407,232,921,1291,27,1372,351,659,762,264,343,372,673,890,247,372,275,441,301,649,27,309,622,158,660,574,203,302,246,444,718,372,130,547,218,753,710,326,287,191,1184,263,441,211,743,702,870,136,802,1382,921,392,372,213,220,803,123,1269,288,759,145,441,728,571,211,652,288,205,134,441,156,242,304,1790,70,263,525,504,302,882,364,439,444,272,475,302,70,452,407,364,27,196,645,183,1143,176,407,587,453,407,512,745,198,636,375,265,206,143,302,728,182,1184,144,445,220,302,70,568,27,99,337,415,441,267,144,218,302,236,441,292,812,305,366,585,546,890,951,600,187,1184,556,769,157,524,890,148,921,220,441,380,1184,441,841,586,560,388,608,1118,263,890,499,913,1152,302,161,233,100,356,247,234,1184,890,202,153,356,1184,306,817,112,503,327,795,455,27,829,388,639,803,292,660,27,458,577,450,450,618,302,869,496,278,472,263,1810,441,284,79,97,441,901,229,296,751,627,407,195,890,957,725,302,236,70,242,422,585,921,347,38,367,758,1509,1115,1671,218,659,337,71,524,441,757,372,393,445,302,1184,441,460,636,216,717,887,841,593,228,218,407,161,461,921,360,841,220,70,454,286,755,841,239,441,753,188,821,641,660,381,577,302,676,912,1152,263,798,218,185,616,763,525,198,957,873,550,97,784,372,751,639,158,235,235,365,70,86,850,890,340,755,272,956,1225,233,607,287,206,441,79,199,164,365,188,144,804,445,946,921,441,437,642,1001,291,224,27,761,254,372,1181,622,311,361,204,1784
841,426,862,509,199,439,501,721,1514,496,638,92,372,890,890,1184,130,398,1167,850,70,171,416,180,822,302,785,445,271,921,441,520,777,141,679,890,690,660,538,460,441,188,2472,287,376,921,198,445,304,890,96,469,157,587,441,539,617,362,930,873,600,265,251,219,651,429,277,806,1078,311,219,521,417,441,441,218,441,441,233,1599,355,1237,254,266,1326,114,1056,652,863,441,302,1000,195,233,40,615,441,1555,745,218,230,1236,1148,441,380,563,1451,525,505,751,587,233,244,302,768,302,1184,291,441,302,27,407,813,240,301,435,407,1005,145,260,75,473,460,362,587,239,487,1193,232,349,263,890,449,70,749,441,525,233,921,691,513,302,841,304,519,441,302,743,1824,328,1205,132,380,539,63,680,302,476,880,680,643,218,1120,302,921,1549,626,423,596,921,302,598,890,445,1064,1084,600,563,1053,845,1623,956,874,758,302,445,1549,384,515,1169,921,166,563,463,413,441,661,372,441,841,302,641,202,665,855,450,452,349,673,1354,641,850,750,901,307,1053,361,1244,469,751,227,347,793,441,244,1184,553,758,302,132,294,302,921,437,135,698,441,1400,755,1560,441,472,220,727,441,792,441,1810,407,282,213,441,576,769,890,559,1078,304,272,218,511,321,218,268,217,525,360,921,660,917,306,527,372,263,565,403,1722,1065,600,284,422,658,841,441,515,1046,339,336,342,853,944,829,548,258,302,263,236,441,948,388,1782,1211,636,441,568,626,636,921,284,218,263,890,310,265,313,263,315,327,302,890,385,1184,445,758,350,355,111,906,1184,362,971,493,70,441,460,811,932,112,98,317,242,220,243,1331,472,748,361,410,441,365,957,749,70,362,582,636,302,176,600,441,587,1225,576,419,439,1015,1060,355,1431,108,441,669,441,542,921,218,79,890,101,441,2430,302,1334,710,507,1210,185,565,850,220,636,1078,441,921,1184,1866,463,349,272,501,890,56,362,236,125,737,457,441,1184,616,1184,247,1549,921,587,441,3865,660,326,119,361,866,226,35,1015,472,365,407,735,1071,562,921,361,717,652,362,890,636,302,344,751,96,286,1928,525,558,195,433,525,108,948,498,638,585,236,611,407,594,742,636,362,616,828,921,1558,803,441,245,147,1501,890,979,180,98,407,441,623,272,888,480,841,554,428,776,527,727,1184,1335,1368,751,114,400,27,1306,290,921,314,158,957,620,767,1076,803,504,767,1132,717,1184,730,445,231,362,206,179,688,1070,513,291,302,202,185,356,441,636,701,529,551,1184,762,587,141,476,27,362,180,336,372,890,328,441,1183,58,486,169,820,921,751,439,921,247,441,225,441,770,27,323,188,380,302,188,982,56,548,285,1071,1184,70,525,177,1501,466,890,976,890,672,717,593,840,1881,474,145,1184,108,389,157,890,1432,660,636,636,161,181,446,1184,471,441,476,364,1064,1184,372,2212,302,821,175,432,445,306,733,132,823,151,421,349,318,433,219,407,542,921,636,925,441,100,754,441,1162,120,762,272,302,156,2212,783,302,1184,441,479,525,446,441,909,921,27,110,1117,441,921,209,841,803,632,253,247,302,273,585,525,441,727,151,355,304,163,626,312,616,302,444,652,302,689,755,441,606,1549,1184,890,612,660,436,841,1184,213,666,1426,747,272,127,407,198,636,208,264,636,1223,600,27,957,860,587,1184,153,471,1184,441,1210,890,372,1564,247,745,125,921,543,400,302,302,665,890,284,610,921,387,268,736,525,441,52,650,457,682,441,239,2128,376,233,553,407,151,302,44,400,600,585,471,233,860,565,963,353,240,921,1210,278,70,57,587,600,235,302,517,302,437,447,302,821,751,1184,104,978,1184,2076,441,636,441,325,166,317,802,218,233,407,302,736,218,299,890,921,390,646,407,450,507,1544,44,731,596,302,1981,664,422,991,218,665,415,567,780,365,584,946,218,1337,877,544,217,291,590,380,1407,1396,27,263,291,797,1043,272,525,302,441,106,1152,441,887,263,302,600,524,669,362,803,2010,1282,449,1071,218,223,416,441,623,306,890,338,543,600,185,613,803,1184,27,476,286,441,780,745,231,841,412,890,34,890,121,254,476,441,742,1118,587,730,921,751,751,717,218,890,218,124,333,278,112,686,422,822,290,199,248,431,757,302,236,220,520,415,661,441,1210,755,636,266,388,381,291,483,218,301,835,978,460,313,921,745,845,128,558,199,1184,1283,239,441,921,525,552,946,418,528,254,553,274,235,195,832,199,1593,525,841,441,595,674,808,302,748,302,421,440,645,1451,585,660,957,653,975,1556,1595,722,921,106,747,441,257,890,595,346,306,615,504,589,306,390,471,491,250,367,450,218,641,1351,445,539,729,240
422,2010,921,124,582,239,548,480,921,1061,417,302,858,441,439,1506,748,274,479,441,777,1850,864,250,263,480,441,552,445,921,214,372,533,441,1225,381,377,382,1097,372,2010,218,1010,1200,562,937,359,595,1124,676,672,2212,636,445,3304,342,1029,372,805,525,1184,95,921,309,393,138,2714,524,306,441,441,963,1184,747,349,1010,476,314,441,921,482,102,1617,660,821,445,1616,707,864,779,585,681,921,380,587,926,1992,841,441,454,681,657,688,302,742,263,1056,205,1184,476,441,126,441,1781,585,438,636,173,450,284,751,247,2212,1244,921,444,924,260,107,52,1184,1738,1278,636,1555,841,388,606,660,218,593,722,1212,407,1184,1060,804,1184,1184,845,702,441,616,372,380,338,536,441,525,166,302,2059,636,548,1033,427,841,306,890,1420,441,751,137,1184,1214,155,660,616,1667,340,297,600,441,342,696,471,529,600,921,407,736,860,383,921,441,802,743,818,951,323,547,600,160,368,718,1895,441,948,445,441,814,444,2212,1570,533,229,302,462,242,1233,974,220,600,918,525,441,152,587,1078,514,1184,595,718,2212,689,340,291,636,604,889,1059,921,576,1830,79,1078,231,325,491,93,407,302,818,441,362,1225,591,1585,280,441,963,240,302,2356,921,685,254,441,751,218,1643,1236,441,218,458,618,533,632,445,1047,461,474,666,791,372,1036,242,372,587,392,182,392,564,1132,525,1326,302,220,1342,428,55,218,147,504,452,921,441,1071,1058,1539,615,372,341,751,396,308,890,1284,1744,262,500,230,890,393,515,587,755,404,1625,921,464,2145,710,441,779,1619,617,469,362,441,1184,428,423,1303,479,957,921,291,218,111,419,441,803,678,485,890,827,514,600,971,142,237,453,311,218,231,921,1347,187,946,274,1071,291,260,441,365,291,660,362,194,834,840,362,587,330,618,838,968,660,2339,1642,351,1311,441,553,423,1296,593,441,533,427,1756,372,921,413,1029,2059,542,2212,681,826,1291,145,445,441,301,441,305,1490,407,921,660,1961,157,258,1184,450,522,778,424,398,615,769,476,1717,608,1281,441,508,410,441,366,739,441,560,1184,393,616,381,1118,258,1071,1242,890,475,233,407,315,179,441,302,441,1017,1094,606,547,538,227,831,507,890,131,499,144,1881,41,257,939,414,533,1201,1862,921,407,758,1044,717,1361,402,407,268,302,890,660,441,452,450,921,1184,413,944,441,533,449,145,728,357,957,226,921,93,1073,2335,665,921,1184,302,119,887,441,890,211,872,527,525,437,1025,302,358,1700,302,302,703,222,850,441,921,791,972,114,771,502,553,518,895,302,1184,1455,212,547,291,657,890,306,636,1090,615,957,1184,312,236,684,302,1184,425,1039,451,441,618,890,798,957,727,615,445,832,796,484,828,126,928,589,585,263,851,1372,772,459,533,843,381,1555,652,992,450,370,921,652,921,305,787,600,820,372,1184,636,400,1152,1184,321,302,600,521,1060,612,899,372,548,269,219,27,441,481,751,957,803,890,777,429,218,737,269,441,616,742,390,921,1613,626,380,1167,476,773,648,890,986,283,407,239,660,1225,295,346,535,438,1023,332,725,589,921,469,1513,757,242,449,429,1291,1090,248,792,350,214,1073,890,361,636,636,460,441,1175,542,295,1449,284,702,329,1236,324,372,269,811,921,880,372,1828,372,791,673,600,1143,2145,856,498,567,79,893,410,441,762,921,407,218,220,641,668,1122,176,1623,480,665,189,1175,1257,936,282,287,1184,890,451,441,525,1216,291,302,353,1184,441,921,381,407,407,660,474,457,751,1185,1054,425,576,957,302,567,921,963,448,1339,581,688,660,302,921,441,1983,688,199,1030,688,463,199,362,304,466,946,302,284,642,1184,583,985,661,302,219,441,422,585,751,27,441,578,326,634,822,27,601,441,602,568,372,812,223,898,441,302,890,547,1183,297,445,446,242,552,441,1184,477,853,170,1310,263,921,441,702,1970,808,1549,332,1236,2010,218,27,372,1303,526,441,696,887,189,585,808,1076,379,346,573,676,233,480,392,110,598,1236,441,1346,1078,218,1281,702,758,434,218,1184,820,910,231,887,422,385,585,1799,302,602,441,890,660,926,224,841,195,1257,1184,218,521,441,921,242,412,525,539,652,441,921,458,1777,921,600,433,302,302,441,1184,1444,1431,890,362,640,744,814,271,399,822,1087,646,525,1247,306,291,272,921,834,313,480,302,723,979,1152,836,218,185,423,1547,525,1184,220,957,260,272,441,1184,589,766,523,450,1033,579,546,460,1330,220,1131,441,965,441,996,636,1075,441,1184,218,457,921,760,605,302,331,263,758,490,1237,719,1873,1184,821,946,245,417,1333,680,616,585,441,328,802,372,1210,1008,155,441,302,706,1184,1939,555,972,1105,404,441,218,305,1265,441,445,218
699,280,636,703,302,268,489,921,997,600,963,408,302,890,615,648,1041,699,441,407,284,887,306,362,887,362,376,119,431,999,724,1509,27,757,533,403,758,369,1263,188,921,366,660,841,1184,957,1118,752,563,785,698,616,644,600,445,1055,101,921,220,488,459,1961,1559,593,921,446,841,600,1174,921,1881,349,658,1071,474,1664,458,272,446,350,1420,728,27,601,582,1135,820,751,803,388,1398,66,441,302,539,1384,387,278,445,779,751,921,391,890,585,441,302,882,247,702,2042,860,1338,921,850,2212,280,587,921,1881,441,890,217,890,769,1091,219,459,407,525,362,1166,614,359,828,934,302,155,1181,655,803,112,510,921,714,525,921,283,441,1046,370,585,593,616,660,799,921,441,1184,233,636,1184,634,245,206,441,98,250,1212,585,539,397,660,407,1184,992,1007,441,1184,593,850,291,774,576,441,417,916,507,476,343,222,921,1536,284,263,826,304,657,813,744,1549,921,1184,602,510,537,845,441,547,795,909,850,93,365,218,1152,1984,366,1538,1819,1236,836,195,218,218,476,480,284,451,387,921,821,247,636,2212,1039,3572,185,236,302,1881,532,1831,1184,380,447,263,663,544,1610,702,251,128,622,1055,567,302,921,1790,1184,525,118,376,27,380,1413,1134,544,350,1184,957,1184,1184,1184,850,568,890,372,1184,329,546,1250,890,380,751,476,262,385,138,2345,219,616,249,218,755,792,104,1184,372,449,236,921,392,585,361,1790,1092,546,600,1184,218,1335,704,702,698,302,1184,98,138,1184,1184,935,632,717,185,890,880,146,445,2212,752,1576,921,668,921,1201,672,1184,1184,625,496,701,773,827,848,525,615,1648,409,291,360,1136,587,218,263,1005,441,921,2321,489,589,762,525,246,1184,619,1926,407,714,954,342,70,972,500,760,220,291,407,1485,890,441,1184,921,1650,1659,887,890,1184,921,492,407,585,1184,739,400,1191,302,407,67,2212,407,1184,302,386,389,1881,441,952,709,1015,525,887,216,441,362,890,1119,971,27,587,346,526,394,443,890,2212,684,841,430,692,890,1772,624,216,441,1967,381,1365,665,380,362,525,1184,622,441,407,1236,441,450,962,939,193,441,302,445,173,914,1387,1538,441,789,869,950,274,388,399,352,291,957,1184,423,577,539,218,748,441,353,513,366,235,407,387,278,890,542,285,834,130,406,542,912,620,634,890,1184,766,362,748,441,890,1549,890,2010,112,1184,1184,1168,361,1843,306,585,476,716,939,518,398,942,888,921,751,302,689,476,425,921,295,374,361,445,1581,306,860,983,288,197,820,441,1006,396,411,362,246,831,1170,302,70,441,929,921,533,2212,816,441,304,441,441,732,993,398,957,904,482,372,240,402,236,441,388,1500,1587,1184,744,388,394,921,563,480,302,236,265,441,347,742,199,706,877,723,225,291,381,306,202,247,875,732,339,145,171,476,151,508,1304,1113,636,709,774,672,579,441,441,1184,218,247,245,130,1546,302,462,1184,813,807,1090,679,439,1184,407,767,680,841,335,435,751,441,96,758,422,819,708,1347,1561,652,910,302,362,495,1043,215,956,2209,1273,362,1881,636,458,482,460,1060,970,332,667,547,1184,2874,652,970,1184,801,327,921,1215,148,279,890,27,1184,634,702,361,4030,890,820,458,1981,302,890,236,647,1948,751,193,682,1208,800,983,803,3019,712,510,921,921,868,457,412,1541,748,448,876,133,191,607,1184,585,560,518,585,622,1123,715,350,1549,628,1184,1168,890,636,758,1033,767,686,372,593,1321,303,1184,600,963,263,327,304,1184,499,639,419,332,115,781,1184,452,188,1881,182,441,660,372,220,1049,407,600,1154,1601,481,1225,508,317,1097,441,890,284,229,751,890,460,841,857,600,1184,302,2097,1184,1421,441,890,664,372,140,957,200,441,841,407,263,437,449,362,441,383,779,700,441,639,534,284,803,1184,658,441,1184,398,342,769,1184,218,890,616,838,705,751,427,365,957,302,619,1478,623,1184,2024,263,112,634,890,304,1299,302,381,229,444,619,921,1137,791,890,306,441,372,1184,362,890,289,1313,441,687,921,921,79,1117,1788,441,486,274,522,585,890,765,585,890,884,2681,1184,702,887,585,990,242,890,600,527,1881,236,623,478,328,441,302,958,437,471,1184,302,438,660,2249,857,1905,660,890,1616,417,1124,1076,2778,274,407,634,965,1276,123,1110,395,368,642,921,476,809,324,925,478,302,893,464,1065,1184,480,1184,247,1060,262,1239,581,441,970,218,848,585,335,525,218,905,1279,441,890,372,378,520,499,441,552,271,1333,441,1184,381,1326,422,188,196,476,957,853,1983,213,1183,393,480,218,445,841,520,441,372,1184,441,449,1674,250,600,1042,544,1440,1012,2650,765,751,775,441,480,751,525,748,660,710,91,587,1078,921,368,1485,1175,518,411,1168
280,1190,1173,890,1735,441,2128,441,441,549,493,360,349,525,890,1184,407,306,537,853,1387,169,437,1866,2212,441,796,372,302,489,673,380,302,372,636,683,1184,585,1704,254,613,627,665,988,1184,2097,198,572,1090,381,805,1230,406,1547,1178,929,938,707,1184,1465,890,412,566,251,423,890,702,660,362,565,1183,533,1549,751,751,785,718,453,510,242,1076,188,540,236,821,444,636,585,267,155,440,302,827,1060,616,638,887,684,841,1549,441,921,1361,525,533,821,427,405,1071,494,1448,2213,565,1152,776,585,890,399,1522,293,884,1168,1184,247,670,746,256,2742,890,841,125,660,365,923,921,841,411,778,890,636,600,426,2212,921,1509,764,422,460,506,1267,921,1309,1162,367,921,441,671,302,1142,2579,1184,392,659,376,631,785,330,692,762,291,444,2568,595,457,1273,1420,890,84,569,1881,473,529,463,1184,441,616,753,441,441,1318,525,810,1039,443,356,880,530,818,2212,1024,1329,310,803,1170,536,1539,1165,890,441,1126,1639,637,742,727,1276,1666,751,702,394,1544,2388,890,480,850,590,802,950,539,1526,332,537,585,250,1184,220,1033,451,722,560,991,968,397,328,380,218,887,890,1465,921,381,1509,2321,445,1420,1115,660,921,890,698,523,441,1225,338,441,2195,921,921,407,326,582,274,2244,757,1225,412,218,921,890,854,293,302,491,921,2010,745,446,829,890,445,218,584,850,829,141,260,1395,472,1103,797,1424,1184,1639,336,622,731,325,1417,745,445,282,563,349,890,1129,921,742,335,476,921,536,599,803,525,921,1549,600,1324,890,1050,600,565,1365,188,544,1184,416,351,218,361,1367,441,388,616,280,1999,444,890,1454,751,890,921,881,783,1010,587,584,542,963,1060,302,1157,1184,921,909,1278,731,252,921,386,1109,970,1401,585,1041,939,302,2298,1879,334,841,246,1060,235,582,445,656,2212,1184,441,372,916,1065,1184,302,600,951,818,372,1184,954,631,963,112,585,126,1312,636,230,422,388,284,1315,866,2010,441,890,274,943,693,505,429,885,957,880,302,461,1134,284,921,921,441,669,554,285,1822,890,660,542,874,1184,1561,368,441,441,1090,157,921,393,210,636,460,415,890,688,517,558,600,290,585,365,272,128,441,1203,398,1441,1555,441,587,746,1117,399,616,2010,327,1811,921,1300,1037,841,450,1544,2010,289,854,1184,896,1184,233,441,1273,1184,751,351,272,540,542,1578,2212,263,2010,722,208,1147,388,2212,441,1735,1790,541,2010,708,1109,921,585,703,417,525,438,822,441,558,141,728,284,921,848,2019,1184,372,1184,665,1184,477,714,400,1141,441,1184,614,616,52,843,755,771,112,821,909,391,302,633,948,751,450,357,898,1307,758,1711,1184,263,311,441,274,598,539,890,900,145,697,460,815,1066,767,1848,1407,381,1071,345,1549,890,622,890,441,397,1474,667,1257,1114,771,784,224,1071,531,1461,780,277,1139,474,2010,300,860,450,260,250,652,1184,587,1096,1428,567,890,2714,441,696,600,817,780,687,272,1544,2055,1085,470,890,1090,1714,195,1184,1805,819,559,803,70,380,890,410,188,751,1509,506,407,600,1399,324,755,1332,441,365,441,372,584,302,1509,1981,361,360,118,890,372,890,302,404,254,1153,806,437,539,330,1634,1053,585,611,1086,98,544,1184,1078,1184,921,1229,441,585,636,236,302,806,919,274,453,657,441,506,510,1665,976,1060,531,1152,974,1556,699,1184,123,1790,803,2212,441,1033,921,547,1665,554,272,1068,349,921,749,1401,547,571,1446,625,1131,636,338,838,841,1402,899,586,362,1071,841,107,158,1184,1366,183,1090,921,1263,572,636,349,757,722,302,128,441,190,441,247,921,503,284,372,441,525,441,1615,441,1184,2237,798,2212,1071,441,877,2517,398,1881,777,615,1132,931,98,1230,1175,486,263,2010,302,963,1184,441,365,2114,754,428,466,717,853,1005,1184,692,2163,652,1184,2212,1468,660,2202,1848,587,302,743,921,441,561,548,1244,660,441,957,1184,441,331,1121,956,921,745,302,600,1536,1291,1225,1056,302,1184,866,291,316,507,499,316,499,997,1184,756,441,330,910,1555,1163,2417,2610,814,441,441,1184,893,587,1254,758,407,525,1184,921,652,1184,539,585,434,1881,992,890,250,201,400,781,257,467,311,1184,1184,1382,1059,910,671,309,439,921,657,1184,441,620,278,195,1184,398,1547,1137,660,636,636,957,508,398,556,1225,616,660,441,890,101,1140,758,1184,890,142,525,791,716,441,520,577,770,1184,217,1790,255,275,372,997,957,841,1039,486,233,519,921,2024,310,2075,921,1374,841,441,525,921,826,600,556,372,748,915,712,1472,506,958,850,417,308,721,1060,423,401,714,342,1093,839,1184,666,362,847,27,933,445,1184,660,921,1071,387,349,1947,1869,636,921,1291,921,659,450,389,302,123,490,1839,921,457,757,2010,444,812,978,1184,380,841,1042,263
2013,302,441,471,660,1184,407,388,335,1260,1549,446,890,1184,356,1184,850,453,1242,409,589,890,1509,560,1184,1842,1981,114,490,2479,1837,291,1185,921,811,1175,151,2298,2055,133,412,589,585,890,1005,1051,445,1110,921,441,748,1184,757,67,1393,96,719,803,1385,838,4030,1184,1010,1184,921,593,841,1910,840,380,1184,890,381,525,1184,921,1215,1184,1069,1444,475,1881,860,921,3132,1927,114,1485,600,1336,1059,895,272,474,888,1436,726,1032,412,306,492,1184,544,1184,344,644,361,544,921,619,125,949,890,441,460,461,468,2010,1225,587,801,1874,751,441,845,585,890,348,398,2329,828,1184,652,748,819,434,1179,1184,1339,159,890,1291,850,625,2212,467,1508,620,362,822,291,1184,584,921,441,662,1982,441,218,3783,441,383,1678,1184,327,1905,890,921,983,1764,1514,742,2734,1726,407,136,441,388,302,1273,1184,441,921,929,1741,1311,98,907,753,1469,1549,678,188,710,303,1236,751,604,803,606,441,890,611,940,1184,536,850,1033,2010,1500,829,98,912,147,1184,600,1184,302,921,352,771,742,959,1043,788,887,2439,2181,2883,1518,571,908,753,1179,441,372,407,1344,963,220,803,1126,451,926,620,316,199,441,636,762,736,2453,356,600,1013,242,958,757,1251,587,921,890,1549,1006,1184,890,763,1076,851,302,302,402,957,648,320,776,373,2010,601,1540,890,441,2010,888,574,890,317,318,393,447,668,504,291,921,441,1347,712,1225,890,600,1625,302,381,1392,913,407,1063,845,1184,168,485,915,890,1184,563,850,903,1427,921,263,296,759,1671,636,450,965,694,1922,1184,1184,751,2472,589,1184,544,2026,2212,1329,525,488,389,890,1254,525,1856,732,564,603,520,302,2714,218,1509,446,1184,890,1396,657,441,182,890,1119,617,1049,1583,1039,785,921,672,1662,218,1970,1444,263,425,946,1033,261,660,70,821,838,1881,1184,1862,2254,1184,175,754,218,331,441,380,410,841,585,654,1739,957,722,1155,1184,763,693,635,380,1761,263,422,1122,1184,864,1059,461,1165,465,600,1916,826,960,2026,1280,1065,449,1420,616,803,437,959,812,829,407,254,890,1316,890,1205,356,1401,1184,441,1416,666,864,802,1184,957,1184,1329,957,645,553,803,1374,1099,600,809,1116,1278,540,368,1555,850,585,1902,521,354,890,843,1278,449,946,957,675,147,890,754,250,758,329,502,921,932,441,2212,962,2869,407,302,662,585,306,1076,671,1090,144,362,1006,521,1291,587,633,1184,149,866,850,716,2010,1184,480,834,503,441,539,2734,785,387,957,1160,996,361,803,955,247,1184,898,1664,1852,510,376,435,957,236,502,1018,869,814,983,921,1943,336,838,2807,436,218,406,441,838,2734,445,1048,1163,1184,323,263,563,1443,931,626,1462,309,890,600,441,1030,1184,1071,1184,647,921,1549,55,777,56,1549,291,557,954,585,1371,514,1549,381,787,954,921,1632,579,302,887,529,1549,639,1025,1540,799,1076,1754,441,457,811,1184,1303,988,720,2010,751,676,361,561,542,429,1071,1441,1103,899,524,652,274,277,1184,783,462,957,441,474,1060,890,1184,407,533,921,1981,218,1300,356,388,921,445,585,921,492,2010,616,441,1184,864,1973,1744,1011,441,1166,568,585,435,1168,1420,441,455,1549,446,1045,1039,625,501,920,1262,533,291,600,616,1315,441,343,407,1065,949,1347,1420,302,1059,841,806,190,760,1184,302,890,1509,841,1159,1273,890,1099,510,441,1782,887,1587,963,756,1155,751,158,890,668,1230,407,145,346,1253,302,1624,1021,441,836,183,840,441,940,1184,383,567,263,921,661,830,644,1581,407,1325,1003,585,556,2519,441,890,1033,361,1184,135,572,727,600,874,1657,921,382,1184,779,660,422,787,98,1531,921,263,1184,1184,179,863,660,904,701,541,476,651,1572,1184,585,270,110,1549,878,758,921,1970,2212,745,821,890,613,863,2450,758,525,522,1389,361,665,1263,388,185,488,533,921,794,1184,441,460,516,553,1790,921,417,490,1184,932,1121,710,818,1619,1184,1184,1881,236,441,412,1037,802,307,1623,1420,890,1185,1434,1268,1703,665,1176,660,2734,441,1394,441,890,1426,1184,380,284,525,1184,943,921,218,195,755,1989,497,821,1009,921,921,720,993,247,980,757,585,480,623,600,636,1184,660,921,1444,441,1184,587,940,811,1089,797,840,1101,446,890,372,485,2922,674,656,162,975,539,390,1076,538,921,1001,621,831,526,579,389,2016,983,320,1184,1184,2212,1266,890,397,387,671,1168,1590,595,1273,422,374,1426,441,2391,218,1291,1032,586,2010,1184,1271,1420,985,1115,441,441,441,737,539,145,841,756,2246,1399,472,585,476,1568,1015,1610,460,1833,912,1312,2400,524,793,2212,856,1380,1900,900,1184,261,1184,1184,1120,530,887,1981,417,1315,976,803,1076,441,940,1187,1520,440,1090,2145,525,141,449,1171,361,441,608,812,1449,887,957,860,441,1010,841,890,1048,660,739,1011,722,218,497,602,1354,525
1532,1623,441,441,668,921,636,921,1131,957,957,218,1184,2006,276,1744,1881,206,657,472,808,600,424,890,1505,247,220,525,608,1184,3043,1265,672,177,733,445,921,758,1564,1675,917,720,440,422,635,1478,2212,740,412,704,350,890,2658,297,261,1427,1081,441,1555,751,1158,1808,711,708,951,302,533,827,2443,388,302,1678,273,388,1293,684,710,260,349,1918,1060,372,913,2006,636,1227,1012,1847,616,887,600,902,2126,822,921,531,422,430,1151,1184,334,523,441,260,1665,890,628,1184,1039,441,291,1658,2237,365,882,446,963,1326,890,1571,376,1643,1225,284,1184,2151,1188,850,1184,840,1492,771,1532,1196,1839,805,746,879,365,2714,968,404,890,416,776,841,1315,321,713,709,2010,3695,302,585,676,1070,372,218,1184,1528,890,302,2479,1184,248,941,1184,957,454,489,1184,201,841,700,649,1639,1091,1163,197,332,1981,441,1173,828,441,1509,445,2128,525,1248,727,1374,1565,441,272,636,365,1529,552,233,441,418,3073,441,530,441,1008,711,757,1012,1977,441,820,1184,599,660,890,362,1091,1401,887,885,587,1184,758,275,233,954,788,2303,2071,1740,263,946,778,669,1171,1113,342,420,1184,587,791,1429,1509,522,582,636,539,250,957,155,890,1363,1010,1184,2162,757,921,263,441,284,776,441,1060,585,921,1905,1598,296,3114,611,609,533,890,887,1067,921,756,441,921,1184,560,963,1282,525,204,1184,660,794,587,1256,302,639,547,1184,608,657,1184,545,542,2152,1184,1400,749,890,1549,1184,674,1881,1908,450,972,291,777,535,757,578,921,890,441,963,585,398,812,1184,1537,1078,971,388,766,408,2010,1636,819,921,887,841,1448,585,600,1184,890,1864,833,889,472,1313,450,1184,684,765,739,801,1383,1033,441,356,879,1050,513,954,806,1086,1401,1091,1885,372,127,890,525,1184,1278,910,2212,1830,533,890,494,778,1664,746,1184,636,1212,2073,328,890,1246,1655,541,150,600,620,821,2212,841,1881,1428,1184,855,1184,600,1762,890,302,890,1184,542,2571,641,193,587,520,1184,921,290,441,660,344,1717,921,1581,670,439,1653,921,392,680,964,441,770,242,441,1184,2692,552,441,539,776,1184,1071,302,499,587,241,441,726,646,407,781,302,2421,667,585,362,441,441,1184,441,954,441,1509,717,267,529,1223,1184,2212,703,362,141,851,2163,636,991,1881,1067,284,302,243,1091,214,138,1212,1960,992,660,597,363,1184,1184,507,2212,1749,756,749,498,1172,2010,691,1120,427,1349,441,460,1184,1184,905,890,525,1881,914,600,1754,757,1514,1964,747,751,1544,441,890,407,1184,291,240,827,441,1348,921,495,1401,688,921,921,220,921,711,592,1117,563,1538,233,890,288,1184,1184,284,779,441,242,812,614,1076,1313,397,1184,517,546,600,841,727,1706,1184,304,890,445,854,978,632,616,1401,957,539,230,511,745,758,1184,362,860,921,890,441,1184,1263,438,422,679,779,459,585,615,1280,349,738,2621,673,576,957,561,965,1991,589,868,3082,1549,1195,793,1184,836,1671,1184,2316,616,1479,1184,1076,407,1078,851,754,380,737,1509,399,540,1444,614,441,1218,693,318,1513,2108,803,371,751,1115,693,306,1168,932,505,1420,921,755,372,611,362,291,921,890,736,441,420,758,718,460,652,636,1184,1060,535,2653,866,441,2816,1123,921,921,525,783,734,802,224,594,1152,191,1184,616,840,1156,407,1300,679,544,1376,996,532,958,1184,745,841,1184,545,284,755,564,779,1184,441,1397,1999,921,1842,2212,302,994,921,921,844,1842,534,588,921,302,441,1184,198,522,220,372,1184,1184,1076,921,687,504,284,240,414,441,1210,2212,27,437,441,600,576,737,890,929,821,1184,417,744,852,346,199,921,1377,1184,1555,921,480,2212,812,1184,441,585,921,1166,372,164,871,470,1107,561,441,1184,345,1430,525,680,2198,289,921,890,1491,1118,1184,304,199,2212,510,533,385,818,713,952,460,890,1314,393,301,957,851,1351,793,957,921,798,1981,402,353,1184,240,1005,2010,70,539,349,1184,525,441,247,2145,841,441,1071,1068,260,773,362,1978,1184,2212,991,441,829,861,352,869,758,600,890,1060,921,1299,677,1001,437,1895,878,302,304,584,1569,441,921,921,573,1289,734,879,525,691,645,1160,727,502,637,755,957,954,1384,884,590,958,533,1615,1996,890,441,393,2391,744,586,1611,1159,673,921,1184,306,2244,757,1139,240,1184,623,418,1184,1071,1050,691,542,1066,1639,1010,388,2014,957,642,472,564,1184,655,921,1881,241,1152,2714,585,1666,638,284,441,1338,945,925,849,921,1873,1184,715,872,302,1184,951,816,441,946,1864,574,2045,2815,434,302,1184,302,921,887,2024,361,723,283,1165,1184,755,1180,218,1509,1640,758,1184,1303,1345,2042,366,441,528,3659,2644,983,1135,890,1299,510,1184,758,1076,2635,921,1549,803,1398,100,364,2036,1184,636,1214,841,573,1643,607,762,1184,921,615,890,441,909,355,925,544,890,1532
2225,362,1549,302,921,850,2212,525,1556,1167,1732,636,618,1099,1184,821,921,663,441,494,1735,494,1418,1184,445,1655,582,717,1071,462,1184,890,1045,1127,2759,954,951,747,963,302,302,1926,490,1215,935,763,441,1030,1184,1205,505,762,1090,921,437,549,1300,821,262,660,2978,2212,1067,1184,1282,421,437,494,1184,626,818,1420,329,1115,505,904,957,302,365,887,616,963,660,1180,502,732,946,713,2538,585,841,1078,1201,182,586,890,1067,2217,636,479,441,1112,441,1184,1292,1005,841,930,2212,1344,441,1184,672,953,1184,1184,1184,2212,2211,890,473,1735,645,1184,1184,751,2604,476,1124,415,751,921,2122,796,748,407,706,2794,2191,776,488,933,1604,377,393,818,313,727,921,533,1184,441,742,1861,1509,1104,461,1184,392,1549,1168,1168,1623,823,631,801,1113,441,1184,441,1857,976,921,890,245,302,309,1555,675,578,1184,737,1019,407,921,1033,921,1485,1024,890,1184,441,765,410,743,489,2714,441,2106,2055,890,970,571,890,1509,600,3043,890,284,2363,747,1065,525,1378,540,818,1184,1785,316,372,3173,476,1039,327,511,480,756,678,3371,985,957,850,1076,1241,1234,1001,890,600,2045,1474,536,441,439,890,615,1184,621,851,636,402,921,1071,1280,803,2707,585,537,1549,1516,1094,1860,1076,727,661,1371,637,957,636,441,921,921,2401,702,921,3901,898,657,957,921,2072,751,890,636,2237,4030,822,1623,2010,503,921,758,466,812,1734,694,878,579,1769,803,976,372,349,748,896,510,899,1903,2530,444,1071,204,1011,2092,309,1184,660,80,803,436,1066,863,957,1184,720,2016,626,302,748,302,504,3185,921,445,1009,1333,1039,1078,634,1881,589,890,374,365,306,3072,668,780,850,613,1184,946,747,250,525,2035,660,1184,411,669,1806,2016,441,1259,957,2102,2042,398,1858,450,1526,2145,1128,467,963,951,921,1184,636,441,1225,890,1444,280,1184,1030,1333,525,1184,1184,1527,2180,169,921,1365,921,1927,1078,959,1735,991,1948,961,600,1509,369,890,956,1507,1694,2212,242,921,600,284,1184,826,595,890,969,1095,1184,1555,381,1184,992,841,1225,1396,1623,890,441,441,314,890,505,887,921,1005,1538,441,587,841,1184,476,585,1815,890,501,948,1903,441,890,820,914,636,1065,890,1012,836,1440,1184,446,921,1637,885,1236,1623,1581,1331,1431,1881,444,747,600,350,1549,921,574,679,450,745,2010,397,957,932,1184,441,1076,1943,1961,1002,664,681,890,1134,540,890,979,758,618,1881,587,1184,1623,1184,355,921,407,1184,1922,619,1331,1018,670,921,507,1408,1759,589,915,933,342,1257,870,432,1661,1297,241,1060,802,2157,2055,708,1623,1184,381,547,1169,1184,1078,372,921,921,441,1549,393,890,631,1367,742,233,975,921,355,3695,636,1065,392,890,921,585,1275,921,921,657,647,921,1425,441,600,1947,821,360,1276,759,1184,1292,362,416,1006,1967,2481,1184,890,1184,464,299,665,835,1533,1048,2645,350,380,722,536,362,1549,1184,663,890,890,580,1544,616,347,751,847,1585,1253,1970,137,2131,1401,821,1181,1069,1553,839,695,525,441,441,454,812,1444,921,1184,890,967,1869,1326,600,921,2023,660,302,302,679,1015,362,1125,1090,778,869,1184,997,1188,710,826,860,1850,587,1071,921,1184,817,1169,772,1168,441,1066,741,890,758,1303,2714,1184,1163,342,1479,1159,1184,441,441,427,1375,1317,1275,4172,1005,576,712,921,1509,1160,1184,417,2714,585,890,1184,233,1239,460,1033,441,872,757,921,587,887,673,657,1811,721,362,921,1225,1952,727,1184,813,890,440,1184,1207,1665,890,1386,302,890,657,1255,2010,302,441,1569,921,921,1538,669,1637,494,821,921,276,264,446,890,600,1184,288,863,749,350,611,1184,921,841,1013,890,656,1220,1444,1152,879,754,921,921,511,2212,590,372,890,876,821,1291,302,1184,2882,776,1698,751,934,626,890,1263,842,1184,319,585,921,845,1113,755,218,390,441,1184,346,994,921,1184,306,1132,603,957,889,441,660,954,1827,1152,1256,1790,1088,1509,1842,751,2055,441,821,1431,850,445,615,1065,2671,1209,1469,3634,2372,198,539,784,506,302,465,820,302,1184,921,1986,1879,1074,441,418,636,585,620,939,1238,1055,1192,921,3012,460,1333,1184,2280,829,2055,1710,780,508,1980,792,475,2282,1226,921,798,1347,890,1184,1461,441,2110,1555,727,1075,381,525,777,440,890,547,841,302,1790,1184,1369,628,425,1060,849,890,756,371,1254,1006,1453,921,1918,616,1396,389,915,2606,443,681,1726,616,890,1006,515,804,1276,387,545,1178,2161,585,1764,2010,1295,921,756,1677,1397,1073,3012,1168,362,636,1555,1071,512,493,1280,441,1184,1184,1071,1456,944,921,1336,831,766,757,417,588,2010,826,1738,616,890,762,1758,576,1184,1184,1035,921,1090,920,302,525,844,446,755,890,1055,841,444,1182,921,489,480,446,797,1070,1118,636,734,441,525,727,136,533,465,407,921,247,729,1249,1553,346,218,2395,2237,915,1184,729,643,484,542,1041
